sample_time,inbound_bytes,outbound_bytes,protocol,suspicious_activity,source_ip
2025-06-08T03:28:51,16806,24247,ICMP,No,145.58.16.128
2025-06-10T22:52:28,5379,43614,TCP,No,245.13.163.103
2025-06-18T14:13:32,28251,22275,HTTPS,No,57.152.194.40
2025-06-03T22:09:52,13918,12979,UDP,No,109.113.200.65
2025-06-07T03:50:49,20435,34828,UDP,No,192.67.103.145
2025-06-13T00:59:28,16915,37237,UDP,No,239.55.177.235
2025-06-13T17:11:18,24098,50065,ICMP,No,241.71.78.48
2025-06-21T19:48:25,11541,25463,HTTP,No,240.131.129.187
2025-06-02T12:36:01,25711,32455,HTTP,No,21.246.222.15
2025-06-20T03:32:44,26423,45173,HTTPS,No,63.167.220.11
2025-06-06T08:14:06,11754,500,ICMP,No,164.8.238.168
2025-06-05T06:58:48,32594,33565,HTTPS,No,243.255.53.67
2025-06-15T10:40:31,19095,12547,UDP,No,192.251.236.155
2025-06-20T08:06:14,7016,29425,UDP,Yes,94.49.175.60
2025-06-13T09:25:55,19156,31955,UDP,No,2.41.210.134
2025-06-18T16:35:13,16431,32451,UDP,Yes,234.124.255.153
2025-06-17T22:36:00,3457,45424,ICMP,No,231.137.123.122
2025-06-04T01:02:43,15463,41539,HTTPS,No,236.203.38.224
2025-06-15T09:16:28,500,27243,TCP,No,175.73.154.88
2025-06-13T11:55:05,25974,37036,TCP,Yes,169.13.146.152
2025-06-06T04:10:43,10575,23026,UDP,Yes,114.143.42.227
2025-06-04T13:56:23,7391,5438,TCP,Yes,172.173.110.177
2025-06-12T20:57:49,25169,8495,ICMP,No,96.196.37.228
2025-06-08T07:05:21,8682,35134,ICMP,No,92.121.241.25
2025-06-16T12:22:47,29854,31481,UDP,No,82.189.169.22
2025-06-13T14:29:08,9343,36390,UDP,No,78.72.185.181
2025-06-01T14:04:56,32210,11445,UDP,No,179.215.213.39
2025-06-22T20:37:04,38124,14038,HTTP,No,138.171.173.55
2025-06-17T03:43:10,6002,29383,HTTP,No,206.44.172.73
2025-06-08T21:38:32,12168,13642,ICMP,No,178.177.53.133
2025-06-07T20:16:29,12859,15944,UDP,No,16.104.9.138
2025-06-02T11:55:00,8920,32380,ICMP,No,217.59.51.36
2025-06-21T17:11:02,22509,26338,ICMP,No,119.58.110.68
2025-06-05T11:37:52,26380,42705,TCP,No,11.123.252.99
2025-06-19T15:41:20,12201,37719,HTTP,No,219.106.72.20
2025-06-19T07:46:03,19029,29166,TCP,No,5.137.124.198
2025-06-17T22:45:06,20695,5372,UDP,No,135.228.183.160
2025-06-02T15:57:10,24992,10985,HTTPS,Yes,14.12.124.216
2025-06-20T23:35:21,43928,31812,HTTPS,No,194.174.65.20
2025-06-17T05:15:44,48313,19971,ICMP,No,93.88.168.86
2025-06-05T11:55:29,5626,8220,HTTP,No,153.165.32.28
2025-06-19T20:18:55,7655,8148,HTTPS,No,206.252.71.117
2025-06-16T07:19:35,24483,26912,HTTP,No,176.177.109.49
2025-06-22T08:41:36,12412,22395,ICMP,No,77.78.161.58
2025-06-17T23:55:22,29017,17939,ICMP,No,58.86.81.188
2025-06-07T21:50:14,7571,43853,TCP,No,28.51.249.203
2025-06-10T01:34:03,31975,33431,TCP,No,133.148.138.61
2025-06-18T13:29:33,25500,28233,HTTPS,No,187.135.166.179
2025-06-13T09:36:44,18358,55661,HTTP,No,107.133.71.234
2025-06-02T18:53:50,17081,20495,HTTPS,No,202.29.108.249
2025-06-14T03:35:20,2338,32914,ICMP,No,160.116.163.42
2025-06-19T15:52:54,34289,14317,UDP,No,9.0.238.180
2025-06-18T16:37:39,500,25117,HTTPS,No,232.226.105.36
2025-06-12T22:31:35,20184,27378,HTTP,Yes,251.96.107.228
2025-06-15T15:37:47,27749,14954,HTTPS,No,23.222.58.136
2025-06-06T01:52:08,19788,32516,ICMP,No,150.206.108.113
2025-06-12T19:29:54,38367,20173,TCP,No,218.89.199.234
2025-06-13T23:09:00,17188,23268,UDP,No,201.189.210.227
2025-06-02T20:45:03,30004,20545,UDP,No,3.178.252.120
2025-06-16T02:10:50,36373,30226,HTTPS,Yes,121.63.170.53
2025-06-02T16:34:16,3835,34558,UDP,No,83.13.249.173
2025-06-08T15:58:33,27650,39842,HTTP,No,66.126.155.115
2025-06-08T08:39:02,1202,52248,ICMP,No,107.66.218.209
2025-06-04T07:35:14,18232,27560,HTTP,No,13.96.73.11
2025-06-14T03:50:54,17368,37212,TCP,No,105.200.142.156
2025-06-09T19:21:51,17406,41031,ICMP,No,101.155.211.148
2025-06-05T10:01:34,19779,27996,HTTPS,No,178.95.170.185
2025-06-12T18:02:24,10331,40083,ICMP,No,160.173.202.10
2025-06-13T21:55:24,16446,23906,HTTPS,No,183.217.203.139
2025-06-07T12:44:15,30365,21830,UDP,No,209.162.232.76
2025-06-22T10:06:31,31701,9806,HTTPS,No,184.244.114.79
2025-06-06T13:41:21,13043,500,HTTP,No,93.173.150.164
2025-06-20T04:10:08,21538,19377,TCP,No,31.113.30.146
2025-06-14T00:13:53,9128,35924,HTTPS,No,159.95.80.11
2025-06-05T20:38:01,17681,24811,UDP,No,191.72.165.11
2025-06-02T16:24:59,23602,20112,ICMP,No,112.187.150.147
2025-06-06T21:35:51,29708,43068,ICMP,No,29.57.150.146
2025-06-09T07:05:26,22987,26788,ICMP,Yes,169.43.136.137
2025-06-17T09:09:45,26886,56645,HTTPS,No,44.98.246.225
2025-06-14T04:46:09,23961,10453,HTTPS,No,157.143.192.216
2025-06-06T13:49:54,18436,34482,ICMP,No,130.12.41.132
2025-06-20T07:28:19,5438,9849,TCP,Yes,59.55.127.63
2025-06-11T04:58:29,25879,8816,HTTPS,No,177.233.95.225
2025-06-22T16:16:20,31533,25016,HTTP,Yes,120.245.67.28
2025-06-12T02:30:41,13817,5202,TCP,No,85.24.126.201
2025-06-06T02:37:43,26840,21745,TCP,No,12.225.82.189
2025-06-05T11:13:50,28219,31895,ICMP,No,87.159.64.16
2025-06-06T10:43:49,11925,27564,TCP,No,146.238.146.59
2025-06-01T07:38:09,12619,25677,TCP,No,249.126.15.60
2025-06-15T18:36:01,6105,50907,UDP,No,105.223.30.75
2025-06-22T03:52:10,12351,13095,TCP,No,94.123.44.139
2025-06-14T18:52:30,21232,22521,ICMP,No,187.134.147.232
2025-06-14T07:35:17,32392,30588,TCP,No,5.7.174.168
2025-06-19T14:24:25,21663,31127,ICMP,Yes,21.159.39.89
2025-06-21T12:22:57,28391,15494,TCP,No,240.220.117.186
2025-06-04T05:44:52,16251,21506,HTTP,No,195.116.155.22
2025-06-02T09:10:29,25193,15664,TCP,Yes,37.54.161.182
2025-06-04T06:00:51,19740,1604,UDP,No,42.240.8.70
2025-06-01T07:50:22,17298,13910,UDP,No,23.30.162.165
2025-06-15T11:55:00,37176,33578,HTTPS,Yes,41.233.193.240
2025-06-12T19:23:50,5689,27008,HTTP,No,205.38.128.172
2025-06-20T11:49:33,23604,17790,TCP,Yes,201.35.241.39
2025-06-06T10:20:21,27793,40238,UDP,No,6.47.221.13
2025-06-02T22:38:38,23456,16983,HTTP,No,175.208.188.41
2025-06-20T07:12:11,17234,500,UDP,No,201.177.6.33
2025-06-14T23:06:31,28738,25880,HTTP,No,247.19.227.142
2025-06-09T01:24:21,22293,26036,TCP,No,219.30.135.224
2025-06-15T22:42:48,3113,23741,TCP,No,105.119.25.70
2025-06-06T03:12:43,20319,33728,ICMP,No,72.75.232.212
2025-06-13T03:33:51,15687,41901,TCP,No,204.157.247.128
2025-06-08T10:28:56,23241,30272,HTTP,No,85.244.100.117
2025-06-21T10:34:55,13439,30346,HTTPS,No,79.118.74.94
2025-06-12T15:37:10,28139,13834,ICMP,No,53.22.170.229
2025-06-19T09:13:27,22310,24588,ICMP,No,103.247.60.23
2025-06-18T13:30:02,15305,16101,HTTP,No,92.146.234.128
2025-06-20T02:31:06,9596,29792,UDP,No,155.61.63.80
2025-06-10T05:00:09,22612,40285,ICMP,No,33.50.121.171
2025-06-19T10:50:10,19836,500,HTTP,No,63.203.79.91
2025-06-19T17:18:16,9755,19425,UDP,No,250.77.137.134
2025-06-15T02:55:04,14397,39532,UDP,No,189.94.153.37
2025-06-14T09:09:42,19049,3144,HTTP,No,103.190.28.207
2025-06-18T00:42:53,9098,2600,HTTPS,No,250.52.81.114
2025-06-20T19:59:09,27628,8435,HTTPS,Yes,210.161.118.207
2025-06-05T06:27:18,23362,19022,TCP,No,187.20.154.214
2025-06-09T16:04:03,36922,18669,TCP,No,185.154.155.13
2025-06-01T22:19:14,35956,26167,HTTPS,No,208.12.121.187
2025-06-03T15:52:05,20433,30875,HTTP,No,93.74.148.52
2025-06-15T13:47:30,16258,24591,HTTPS,No,183.189.105.167
2025-06-04T15:16:01,31266,11635,TCP,No,64.202.33.212
2025-06-06T09:27:05,500,43030,ICMP,No,214.46.225.11
2025-06-06T15:52:09,12811,11199,UDP,No,21.119.14.211
2025-06-05T18:19:28,34718,27670,HTTP,No,127.99.66.138
2025-06-22T21:31:17,11464,28668,ICMP,No,37.147.126.90
2025-06-12T20:28:35,10813,15367,HTTPS,No,82.177.50.228
2025-06-11T18:43:45,23587,38559,TCP,No,21.62.216.8
2025-06-07T00:13:43,18130,14689,UDP,No,123.175.0.19
2025-06-05T10:29:56,7226,43687,TCP,No,238.143.129.213
2025-06-22T16:56:10,19314,24811,HTTPS,No,224.111.117.240
2025-06-01T23:48:20,23694,22260,ICMP,No,28.172.232.214
2025-06-14T04:21:24,7306,32841,HTTP,No,134.32.19.10
2025-06-16T18:31:44,25034,35680,ICMP,No,157.235.132.17
2025-06-13T20:53:53,14551,40113,ICMP,No,3.101.182.202
2025-06-01T22:54:15,9066,34570,TCP,No,12.113.56.128
2025-06-01T19:46:55,26543,7091,TCP,No,114.43.87.153
2025-06-18T02:47:47,17378,36124,HTTP,No,162.18.137.103
2025-06-06T18:31:45,500,23921,HTTP,No,128.108.200.108
2025-06-12T22:21:21,10234,41410,TCP,Yes,185.210.100.123
2025-06-02T11:52:27,22245,2049,ICMP,No,211.219.92.22
2025-06-15T10:12:37,14723,38873,TCP,No,178.93.204.210
2025-06-14T21:37:56,12605,21683,ICMP,Yes,67.164.7.249
2025-06-09T00:54:08,18123,11008,UDP,No,129.86.139.142
2025-06-11T04:12:28,7492,44470,TCP,No,5.84.78.1
2025-06-01T03:44:22,500,32188,HTTP,No,201.89.69.60
2025-06-18T17:07:18,9442,20115,HTTPS,No,182.30.221.43
2025-06-21T21:41:50,17477,21240,UDP,No,177.182.103.1
2025-06-08T09:47:17,2057,17708,HTTP,No,32.131.172.150
2025-06-21T19:24:44,22589,22847,HTTPS,No,103.64.86.160
2025-06-03T18:20:23,35583,43295,TCP,No,210.44.139.43
2025-06-12T23:31:03,21881,28222,ICMP,No,196.141.178.142
2025-06-13T11:35:13,30540,23154,HTTPS,No,149.181.122.220
2025-06-06T11:32:17,35963,21625,UDP,No,75.62.200.145
2025-06-14T03:50:18,24580,6998,TCP,No,193.254.193.108
2025-06-02T12:51:27,22452,43553,HTTPS,No,222.121.21.151
2025-06-03T23:00:00,18111,20803,HTTP,No,160.36.8.66
2025-06-11T12:11:13,19170,26484,ICMP,No,147.67.152.34
2025-06-05T19:07:44,17257,41192,ICMP,No,70.24.122.207
2025-06-19T11:30:33,9579,26417,UDP,No,121.83.152.7
2025-06-08T08:32:22,16844,20912,UDP,No,138.19.144.99
2025-06-10T01:55:18,29995,12312,HTTP,No,63.20.58.91
2025-06-13T22:43:30,22271,21783,TCP,Yes,255.163.176.250
2025-06-19T17:32:19,500,25080,HTTP,No,223.228.153.100
2025-06-22T15:59:45,20764,28500,HTTP,No,80.38.119.250
2025-06-22T23:21:42,22367,33318,HTTPS,No,58.66.135.85
2025-06-16T17:54:12,30501,26128,HTTPS,No,137.50.91.243
2025-06-09T09:59:28,23150,10970,UDP,No,151.96.234.11
2025-06-11T12:54:32,12626,40125,HTTP,No,164.158.175.224
2025-06-13T10:02:30,27079,17809,HTTP,Yes,70.0.165.18
2025-06-22T00:12:40,30367,31243,TCP,No,223.100.229.37
2025-06-22T13:32:20,21792,38734,HTTP,No,220.252.105.74
2025-06-17T08:45:29,24275,16749,HTTPS,No,49.241.230.30
2025-06-18T18:04:05,19942,29163,TCP,No,236.244.104.9
2025-06-18T05:54:53,24591,23479,HTTPS,No,118.22.75.52
2025-06-16T00:17:28,16515,33892,UDP,No,82.93.196.205
2025-06-11T08:03:22,24908,9732,UDP,No,172.91.60.204
2025-06-07T02:40:42,17416,23362,ICMP,No,44.148.35.109
2025-06-04T16:22:29,500,27972,HTTP,No,16.136.207.161
2025-06-11T03:27:06,12239,9207,HTTPS,No,156.81.153.44
2025-06-04T15:53:34,34534,21489,UDP,No,112.219.245.231
2025-06-19T10:14:13,18174,6726,TCP,No,226.106.212.200
2025-06-07T20:11:27,21553,21646,HTTPS,No,165.172.95.156
2025-06-16T07:38:05,15670,5455,ICMP,No,87.140.238.242
2025-06-09T03:04:54,21142,24545,ICMP,Yes,145.74.89.232
2025-06-14T18:10:26,33733,39265,ICMP,No,6.213.25.192
2025-06-19T15:28:08,16494,17658,UDP,Yes,95.58.240.98
2025-06-06T06:02:25,11118,33604,HTTPS,No,221.221.61.27
2025-06-08T00:19:48,15072,1401,ICMP,No,149.118.164.92
2025-06-17T09:38:01,16700,29908,HTTPS,Yes,61.73.128.139
2025-06-08T18:23:58,19249,35852,HTTPS,No,180.246.181.104
2025-06-02T22:04:11,27378,18617,HTTP,No,77.65.37.12
2025-06-18T16:19:53,25264,5717,HTTPS,No,157.110.70.236
2025-06-21T13:35:35,13434,19253,UDP,Yes,89.118.0.31
2025-06-13T01:43:36,20165,1386,TCP,No,107.200.101.254
2025-06-18T00:28:32,27769,44160,HTTPS,Yes,69.130.223.54
2025-06-07T08:27:53,16715,500,ICMP,No,25.13.19.101
2025-06-02T00:15:18,9652,12919,UDP,No,129.165.123.67
2025-06-17T10:22:23,16658,29266,ICMP,No,124.43.32.238
2025-06-03T18:13:15,20369,18312,ICMP,No,151.25.152.109
2025-06-22T02:44:57,10240,23125,UDP,No,137.245.191.34
2025-06-13T14:05:04,22921,16664,UDP,No,224.54.78.109
2025-06-08T17:14:40,24687,19453,UDP,No,38.135.131.224
2025-06-06T22:00:29,500,26830,HTTPS,Yes,30.86.123.149
2025-06-19T00:52:44,22634,11771,TCP,No,43.145.78.216
2025-06-16T12:55:36,10805,20709,ICMP,No,162.186.175.23
2025-06-15T11:28:47,4100,9823,TCP,No,198.36.83.192
2025-06-17T16:00:10,15293,21431,UDP,No,57.228.87.199
2025-06-14T21:05:47,22450,26279,HTTP,No,215.124.228.156
2025-06-09T16:41:05,25536,34813,UDP,No,223.5.99.119
2025-06-11T01:17:14,17983,13163,TCP,No,220.73.158.253
2025-06-12T22:25:55,21884,42243,TCP,No,85.194.241.99
2025-06-09T23:06:32,16021,29187,ICMP,No,145.85.163.252
2025-06-03T22:46:18,27103,35310,HTTPS,No,43.205.182.152
2025-06-21T10:10:44,16029,42390,UDP,No,75.111.150.205
2025-06-10T09:06:04,17503,40694,HTTP,Yes,162.56.52.137
2025-06-21T03:54:58,19439,47868,TCP,No,64.92.249.136
2025-06-19T14:38:46,22937,20662,TCP,No,62.100.174.245
2025-06-09T17:22:48,9820,36536,UDP,No,47.221.206.183
2025-06-11T01:01:18,20919,23727,TCP,Yes,190.113.161.248
2025-06-11T06:53:19,1409,19253,ICMP,No,187.238.174.71
2025-06-12T03:17:44,9685,36037,HTTPS,No,58.179.66.137
2025-06-15T07:13:02,31489,42111,TCP,Yes,59.183.224.204
2025-06-10T00:15:56,24042,31039,HTTPS,No,209.115.218.189
2025-06-01T11:50:50,18511,21655,HTTPS,No,0.144.173.92
2025-06-02T16:25:52,29830,37793,UDP,No,101.99.128.2
2025-06-06T03:07:02,29632,35948,TCP,No,212.47.133.243
2025-06-07T20:02:26,22140,25123,ICMP,No,13.195.215.3
2025-06-08T05:12:10,11943,33306,UDP,No,77.43.197.115
2025-06-03T10:36:38,25374,20439,HTTP,Yes,143.85.57.129
2025-06-02T01:32:50,8375,22428,HTTPS,No,49.132.162.218
2025-06-15T11:38:32,20264,30660,TCP,No,31.155.36.208
2025-06-16T04:07:46,17360,20979,UDP,No,237.219.115.135
2025-06-08T23:28:15,28572,20021,HTTP,No,214.228.37.194
2025-06-21T14:58:22,13584,29953,HTTP,No,65.155.204.137
2025-06-07T19:36:47,9736,20569,HTTPS,Yes,188.95.56.218
2025-06-15T19:27:28,9423,27974,HTTP,No,98.90.208.19
2025-06-05T07:10:00,30581,39244,HTTP,No,235.31.23.76
2025-06-20T09:30:44,28181,11799,UDP,No,165.202.2.217
2025-06-10T20:46:14,14036,19406,UDP,No,225.195.160.99
2025-06-01T14:24:31,12392,14385,HTTPS,No,2.118.121.235
2025-06-19T13:19:07,29844,29862,HTTPS,No,223.8.176.198
2025-06-07T09:45:12,9843,4900,TCP,No,62.201.48.211
2025-06-09T15:30:14,13983,1619,TCP,Yes,44.5.180.206
2025-06-22T03:40:25,24362,28815,HTTP,No,3.119.170.106
2025-06-05T00:52:36,4207,22609,TCP,No,227.37.190.230
2025-06-20T12:32:31,37207,25853,TCP,No,140.195.142.201
2025-06-20T01:10:21,3189,39862,ICMP,No,146.80.50.216
2025-06-16T16:40:27,35008,25779,TCP,No,162.243.137.253
2025-06-04T14:15:19,27560,18765,ICMP,No,97.104.70.51
2025-06-05T17:17:54,500,33666,HTTPS,Yes,95.29.181.155
2025-06-08T01:44:51,9399,9704,HTTPS,No,43.36.172.173
2025-06-17T01:16:02,17867,22197,HTTPS,Yes,64.105.66.208
2025-06-21T08:59:51,31107,2943,HTTPS,No,154.100.2.166
2025-06-06T23:19:19,500,35700,HTTPS,No,37.46.187.161
2025-06-11T00:48:57,18868,35770,UDP,No,31.135.197.234
2025-06-13T04:06:40,500,40262,ICMP,No,16.196.179.51
2025-06-01T01:29:14,11822,35227,UDP,No,93.83.141.108
2025-06-22T19:43:33,27849,15915,TCP,No,14.224.85.177
2025-06-14T23:51:31,28080,3036,TCP,No,241.169.245.193
2025-06-17T06:00:21,23790,35193,TCP,No,149.113.163.87
2025-06-05T18:31:54,18490,38902,ICMP,No,46.82.203.167
2025-06-11T22:55:25,22705,31548,UDP,No,90.226.180.164
2025-06-05T01:10:58,23648,30893,TCP,No,145.190.117.230
2025-06-01T17:50:25,15399,27460,TCP,No,141.206.108.210
2025-06-10T00:31:35,26052,21391,ICMP,Yes,18.204.186.44
2025-06-09T22:06:15,9930,33512,TCP,No,99.198.130.24
2025-06-03T22:26:32,7976,31493,TCP,No,93.160.173.202
2025-06-17T13:28:16,2800,11576,UDP,No,43.199.195.71
2025-06-20T04:52:17,18931,25390,HTTP,No,129.26.111.32
2025-06-17T23:02:48,9925,47305,HTTP,No,65.88.104.80
2025-06-18T03:15:21,18721,30546,ICMP,No,251.246.18.150
2025-06-16T13:37:28,19632,25578,HTTPS,No,184.67.253.46
2025-06-19T17:21:06,16792,38179,ICMP,No,227.85.163.74
2025-06-20T21:32:52,20354,22706,UDP,No,235.53.96.218
2025-06-07T11:09:21,11750,37068,TCP,No,146.250.31.126
2025-06-04T08:03:26,16756,18368,HTTPS,No,144.160.136.108
2025-06-12T01:35:05,500,15511,ICMP,No,156.64.69.3
2025-06-20T08:45:37,20221,11195,UDP,No,171.104.66.213
2025-06-03T01:34:58,16114,34920,HTTPS,No,61.154.114.155
2025-06-03T10:13:52,6640,19462,TCP,Yes,133.36.228.172
2025-06-10T03:48:15,13561,28706,ICMP,No,25.105.65.104
2025-06-20T21:10:36,32684,15029,TCP,No,211.247.186.38
2025-06-09T13:02:05,24181,15987,HTTPS,No,113.191.213.19
2025-06-05T13:38:10,22073,23477,UDP,No,224.14.166.188
2025-06-01T04:37:05,7124,18328,UDP,No,126.53.76.165
2025-06-14T04:52:10,21146,7890,UDP,Yes,240.88.148.111
2025-06-01T23:06:07,33833,39361,ICMP,No,25.233.223.72
2025-06-05T19:56:37,17013,13222,ICMP,No,129.56.159.149
2025-06-20T22:50:24,13293,12231,ICMP,No,1.92.202.36
2025-06-05T21:44:01,24444,20470,ICMP,No,238.94.21.50
2025-06-09T18:14:02,21081,31658,TCP,Yes,91.131.15.91
2025-06-21T18:26:53,22812,15805,HTTP,No,168.140.175.81
2025-06-06T02:25:24,40602,28411,ICMP,No,59.130.209.61
2025-06-13T11:57:04,26306,1380,TCP,No,0.29.98.98
2025-06-19T04:46:53,24914,17727,HTTP,No,74.167.28.195
2025-06-19T08:02:57,19903,16130,UDP,No,249.126.147.67
2025-06-10T14:38:03,10423,27602,HTTP,No,26.124.77.53
2025-06-06T10:48:20,26511,21236,ICMP,No,238.176.237.72
2025-06-09T21:11:22,23218,8098,HTTPS,No,70.22.198.198
2025-06-22T03:38:06,18751,42925,ICMP,No,105.247.218.18
2025-06-05T15:32:16,9041,21234,HTTP,No,204.188.181.75
2025-06-08T21:52:36,24040,34492,TCP,No,211.148.22.80
2025-06-15T09:37:44,22142,22439,ICMP,No,248.198.171.89
2025-06-10T08:11:16,37115,7004,HTTPS,No,87.227.206.234
2025-06-21T10:27:29,30996,17346,UDP,No,187.23.208.224
2025-06-12T09:31:10,24105,55045,ICMP,No,150.25.156.92
2025-06-08T03:29:38,13010,56839,TCP,No,238.4.175.220
2025-06-11T15:04:55,23005,39816,HTTPS,No,61.174.136.130
2025-06-19T09:31:53,500,24625,ICMP,Yes,25.223.186.168
2025-06-14T13:57:36,30699,29443,UDP,No,142.223.172.67
2025-06-12T13:13:26,32952,35409,HTTP,No,140.190.28.73
2025-06-21T01:29:43,39283,21246,HTTPS,No,158.112.54.36
2025-06-15T03:08:35,14298,7925,HTTPS,No,19.235.44.234
2025-06-01T18:30:23,12223,29069,ICMP,No,195.232.105.194
2025-06-06T06:41:47,29780,26208,HTTPS,No,207.130.163.28
2025-06-02T16:17:04,17624,500,HTTP,No,96.83.21.10
2025-06-01T00:39:52,29682,23268,HTTP,Yes,167.59.245.227
2025-06-05T01:13:34,23743,18060,UDP,No,166.140.166.124
2025-06-14T02:54:13,10669,29204,HTTP,No,137.222.113.74
2025-06-06T16:11:16,25282,40204,UDP,Yes,66.92.198.248
2025-06-20T14:58:18,24271,47782,TCP,No,115.219.171.212
2025-06-16T11:49:36,15756,19240,UDP,Yes,81.6.219.226
2025-06-10T17:30:21,24272,14140,HTTPS,No,129.183.16.227
2025-06-03T06:40:54,23528,15756,UDP,No,24.29.95.180
2025-06-13T16:11:56,10260,8445,UDP,No,151.143.178.185
2025-06-07T19:57:45,16976,37828,UDP,No,230.105.195.155
2025-06-18T19:29:00,10558,47860,UDP,No,182.129.41.120
2025-06-06T13:30:17,2720,11306,HTTPS,No,222.149.90.82
2025-06-09T20:23:33,23378,13393,UDP,Yes,53.46.211.251
2025-06-04T11:29:42,22241,46850,HTTPS,No,155.109.44.35
2025-06-14T14:55:59,16696,17882,HTTP,Yes,55.176.163.226
2025-06-19T07:06:02,18924,43649,ICMP,No,175.57.254.79
2025-06-22T13:51:08,640,28728,TCP,No,178.251.39.222
2025-06-12T07:16:03,3014,21712,HTTP,No,177.155.42.112
2025-06-14T13:35:46,41856,18588,UDP,No,71.69.40.180
2025-06-09T21:56:45,17911,36826,TCP,No,169.58.211.186
2025-06-10T18:41:45,31047,24904,HTTPS,No,142.65.105.90
2025-06-17T02:44:09,31637,42584,HTTP,Yes,131.117.12.142
2025-06-09T06:50:17,1717,20232,HTTP,No,198.155.102.241
2025-06-01T11:26:15,11656,45560,UDP,No,203.218.194.206
2025-06-20T21:32:34,21152,31095,ICMP,Yes,167.144.183.32
2025-06-22T23:40:49,23172,26150,ICMP,Yes,168.86.167.242
2025-06-17T22:00:50,500,42209,TCP,No,232.87.250.179
2025-06-12T14:06:31,19158,35168,TCP,No,85.207.103.78
2025-06-19T23:42:02,19815,24205,HTTP,No,223.217.98.211
2025-06-11T19:13:27,18925,41007,HTTP,No,7.238.240.7
2025-06-05T16:14:49,22467,33974,UDP,No,207.0.55.31
2025-06-01T07:00:21,17037,26663,TCP,No,3.68.85.75
2025-06-19T05:14:50,20166,28355,TCP,No,118.193.234.255
2025-06-02T12:53:25,15776,18852,ICMP,No,92.142.24.111
2025-06-22T08:28:09,7875,20915,HTTPS,No,122.234.180.9
2025-06-21T16:14:45,25572,29056,ICMP,No,38.0.46.30
2025-06-05T11:10:12,28646,28331,HTTPS,No,102.231.147.106
2025-06-19T08:38:57,12380,23621,TCP,No,201.139.151.87
2025-06-03T16:39:09,20824,15093,ICMP,No,10.122.120.177
2025-06-11T23:54:49,37966,38794,HTTP,No,146.13.164.41
2025-06-15T11:25:56,15530,19998,UDP,No,76.216.151.94
2025-06-20T12:03:02,15781,44331,ICMP,Yes,59.49.93.243
2025-06-02T04:33:07,26358,23117,HTTPS,Yes,248.225.171.89
2025-06-10T23:57:00,5077,21321,HTTPS,No,69.82.148.68
2025-06-05T01:45:30,23830,500,UDP,No,67.189.96.236
2025-06-15T04:26:15,23297,10805,TCP,No,150.109.25.194
2025-06-08T15:01:41,40413,34435,HTTPS,No,86.80.209.230
2025-06-08T08:48:10,22312,36107,ICMP,No,12.219.76.215
2025-06-16T21:06:42,25355,23978,HTTPS,No,141.185.173.216
2025-06-12T15:56:12,3824,45678,UDP,No,96.183.45.108
2025-06-10T13:12:09,9350,24664,HTTPS,No,49.9.126.85
2025-06-06T05:15:39,23094,15277,HTTP,No,245.107.113.18
2025-06-04T23:46:43,13778,33276,HTTPS,No,187.138.34.8
2025-06-22T02:14:45,27252,33270,HTTPS,No,190.222.169.157
2025-06-11T18:58:28,15862,20468,UDP,No,21.123.45.16
2025-06-19T13:20:05,14324,9143,UDP,Yes,121.124.125.83
2025-06-06T16:36:08,14971,8430,ICMP,No,78.173.45.99
2025-06-05T20:56:11,35034,39010,UDP,Yes,175.0.142.210
2025-06-01T17:23:23,25220,45540,ICMP,Yes,116.215.58.203
2025-06-15T00:57:37,23053,21921,TCP,Yes,85.58.143.241
2025-06-10T14:56:03,19651,21978,ICMP,No,150.65.92.171
2025-06-12T15:55:26,1831,18050,UDP,No,51.157.24.58
2025-06-21T06:04:25,32997,27783,HTTPS,No,201.163.99.142
2025-06-02T00:20:42,7668,19349,HTTPS,No,33.103.224.188
2025-06-12T15:22:22,20895,23771,ICMP,No,63.84.81.242
2025-06-08T08:17:32,20201,27319,UDP,No,83.57.160.223
2025-06-01T18:15:14,500,24536,UDP,No,250.105.6.186
2025-06-03T10:49:06,20587,17672,UDP,No,253.13.214.195
2025-06-14T17:27:37,18549,20839,UDP,No,177.52.46.77
2025-06-10T10:41:38,13746,33095,UDP,No,245.99.195.177
2025-06-19T23:23:51,39852,27911,TCP,No,96.27.153.216
2025-06-17T17:27:38,30119,16742,HTTP,No,4.104.180.100
2025-06-15T19:30:45,29218,24520,HTTPS,No,235.89.91.24
2025-06-07T19:53:39,22674,23246,ICMP,No,5.47.206.83
2025-06-09T16:47:43,5183,26654,ICMP,No,40.44.89.51
2025-06-14T12:18:25,29260,28889,HTTP,Yes,196.102.119.244
2025-06-12T08:02:19,21117,20421,ICMP,No,135.167.207.176
2025-06-08T17:36:19,7902,34596,ICMP,No,154.174.64.45
2025-06-01T02:09:49,26326,14883,HTTPS,No,135.243.16.195
2025-06-18T10:44:17,28543,28907,UDP,No,111.115.11.25
2025-06-02T16:33:18,15954,40582,TCP,No,191.151.47.139
2025-06-15T15:38:14,17202,24466,HTTPS,No,215.234.191.100
2025-06-17T19:33:17,17111,12145,ICMP,No,49.117.17.155
2025-06-19T16:25:54,14858,39747,HTTP,No,209.226.199.245
2025-06-15T19:12:09,26558,30040,UDP,No,249.252.101.81
2025-06-09T14:13:02,13212,32466,UDP,No,249.174.137.195
2025-06-02T09:28:42,26068,14620,UDP,No,84.53.169.127
2025-06-14T19:30:47,25245,11924,TCP,No,244.222.175.252
2025-06-20T23:50:32,16134,39520,TCP,No,120.60.100.10
2025-06-06T14:11:35,28433,28233,HTTPS,No,0.28.41.220
2025-06-13T07:55:13,33901,29093,HTTPS,No,12.212.172.61
2025-06-12T01:44:52,23426,16778,HTTPS,No,246.118.41.47
2025-06-16T20:58:43,18051,31929,ICMP,No,204.163.190.182
2025-06-16T13:52:07,26645,31293,TCP,No,239.155.28.96
2025-06-21T21:47:25,25448,27409,HTTPS,No,80.164.240.147
2025-06-10T06:11:58,9750,24953,UDP,No,194.75.211.182
2025-06-19T06:12:11,8374,24591,UDP,No,53.19.197.232
2025-06-13T01:09:42,500,22607,TCP,No,48.113.239.73
2025-06-01T12:23:39,14412,31476,TCP,No,116.247.134.134
2025-06-06T11:27:06,22435,21226,UDP,No,100.93.113.79
2025-06-19T06:43:16,16179,20483,TCP,No,121.206.72.193
2025-06-05T07:26:12,22480,12039,TCP,No,163.235.174.101
2025-06-14T23:01:13,21804,50449,UDP,No,173.202.135.219
2025-06-01T22:03:28,943,23818,HTTPS,No,103.48.171.250
2025-06-16T19:37:37,24119,27642,HTTPS,Yes,56.170.200.92
2025-06-02T05:28:56,20554,28200,ICMP,No,114.189.53.255
2025-06-07T00:02:07,21623,38711,HTTP,No,86.203.13.197
2025-06-02T06:33:02,13107,23893,HTTP,No,108.21.136.16
2025-06-17T00:07:34,10847,25176,UDP,No,226.50.82.126
2025-06-17T09:18:49,39183,47110,TCP,No,216.123.36.123
2025-06-18T18:46:46,20632,25942,ICMP,No,30.248.3.78
2025-06-21T00:18:15,10951,23425,HTTP,No,33.23.234.236
2025-06-16T06:08:12,18155,37096,UDP,No,1.170.104.224
2025-06-12T08:47:40,964,18674,UDP,No,223.201.0.11
2025-06-11T09:00:37,20723,22536,HTTP,No,242.99.9.204
2025-06-20T09:25:20,6751,39853,HTTPS,No,222.164.147.27
2025-06-20T07:16:10,19122,29207,UDP,No,179.200.207.94
2025-06-15T01:35:02,25893,38586,HTTP,No,185.153.196.199
2025-06-07T04:02:29,19769,8436,TCP,No,55.104.79.218
2025-06-01T05:02:46,36615,10264,UDP,No,29.92.129.86
2025-06-01T14:34:13,24409,24313,HTTPS,No,152.69.20.158
2025-06-12T17:48:42,18224,9989,UDP,No,138.164.192.64
2025-06-09T07:23:48,7622,28081,UDP,No,176.2.181.236
2025-06-08T21:36:24,21317,28063,HTTPS,No,165.90.124.139
2025-06-05T22:20:05,26624,27133,HTTP,No,91.186.2.186
2025-06-13T11:19:14,35267,23866,HTTP,No,16.122.238.59
2025-06-08T16:01:38,18145,37448,ICMP,No,186.188.176.49
2025-06-20T20:11:26,25783,23133,TCP,Yes,5.157.165.217
2025-06-14T03:56:58,16592,19745,TCP,No,152.235.155.26
2025-06-05T02:29:57,500,37446,HTTP,No,168.244.66.46
2025-06-22T06:23:40,14505,23794,UDP,No,221.138.247.143
2025-06-22T04:22:44,6584,41174,HTTPS,No,170.229.239.168
2025-06-04T20:53:31,7981,28751,HTTP,No,159.246.32.151
2025-06-05T20:42:32,24960,12561,UDP,No,26.34.132.135
2025-06-10T10:25:21,8866,37158,TCP,No,103.4.189.129
2025-06-22T12:31:34,10262,39013,TCP,No,241.144.96.78
2025-06-10T18:38:46,14799,45824,UDP,No,236.245.179.52
2025-06-02T00:58:47,29412,21188,HTTP,No,224.46.69.252
2025-06-21T23:37:25,23761,15135,UDP,No,93.87.46.140
2025-06-19T02:33:21,16801,40670,ICMP,No,114.0.214.48
2025-06-20T02:53:27,27327,30907,UDP,No,232.50.250.237
2025-06-03T02:19:39,10444,13612,HTTPS,No,39.215.63.130
2025-06-09T15:14:35,25070,1938,HTTPS,No,55.223.207.89
2025-06-04T20:54:50,29295,17912,ICMP,No,198.48.76.44
2025-06-18T05:59:10,29257,19682,UDP,Yes,228.96.64.112
2025-06-16T19:47:20,3382,20687,UDP,No,160.196.112.149
2025-06-10T19:59:03,10461,37110,TCP,No,192.106.46.135
2025-06-17T15:43:32,23748,38565,UDP,No,119.98.29.42
2025-06-12T04:37:23,18983,27676,ICMP,No,96.237.114.217
2025-06-15T16:57:08,31736,18362,HTTP,Yes,146.119.94.205
2025-06-05T13:27:02,27344,8015,TCP,No,8.19.224.71
2025-06-20T17:26:02,12042,7325,ICMP,No,215.61.168.66
2025-06-10T20:13:45,33120,500,ICMP,No,161.231.0.110
2025-06-20T04:14:29,31907,26294,HTTPS,No,236.146.20.121
2025-06-06T08:32:49,4451,16406,HTTPS,No,251.46.173.76
2025-06-11T23:57:28,21410,35468,ICMP,No,179.187.81.17
2025-06-22T22:04:17,10117,18690,ICMP,No,171.55.44.70
2025-06-05T03:37:26,17008,23477,TCP,No,39.137.109.240
2025-06-15T22:26:12,28580,26901,ICMP,No,121.155.48.72
2025-06-14T12:18:59,23390,7350,TCP,No,249.195.162.89
2025-06-09T14:42:51,11400,51684,UDP,No,31.221.24.95
2025-06-20T19:40:01,15153,1746,HTTP,No,109.186.199.252
2025-06-10T22:09:34,12830,25032,HTTP,No,79.172.126.240
2025-06-06T02:34:19,22407,15595,UDP,No,243.117.45.64
2025-06-10T06:40:10,16695,24323,UDP,No,211.84.239.86
2025-06-17T16:50:20,23643,18156,TCP,No,154.20.78.223
2025-06-08T08:29:19,23069,32764,HTTPS,No,184.66.179.170
2025-06-08T13:11:28,22537,30304,UDP,No,130.189.167.139
2025-06-13T11:47:43,21964,34606,TCP,No,133.29.227.159
2025-06-22T21:55:34,19440,18867,TCP,No,32.32.57.229
2025-06-06T15:49:50,4257,21393,TCP,No,232.143.157.187
2025-06-15T22:54:46,12869,48733,UDP,No,90.254.33.155
2025-06-11T18:15:42,39340,33897,HTTP,No,245.128.84.217
2025-06-08T15:53:43,12712,19725,HTTP,No,217.86.209.132
2025-06-14T23:32:35,21815,8833,HTTP,No,78.61.154.160
2025-06-19T07:45:47,9422,24585,HTTP,No,215.28.41.248
2025-06-13T19:46:15,22009,43081,UDP,No,68.3.117.132
2025-06-12T16:02:25,22953,46322,UDP,No,251.51.219.203
2025-06-22T23:39:37,11148,18607,TCP,No,55.172.196.65
2025-06-16T14:52:57,22160,21016,HTTPS,No,13.89.36.42
2025-06-03T02:30:12,23138,8907,UDP,No,35.241.205.237
2025-06-07T00:53:16,50322,16986,HTTP,Yes,156.237.73.159
2025-06-21T22:38:32,33143,18677,UDP,No,247.244.173.92
2025-06-01T15:36:29,20459,8234,ICMP,No,43.102.64.16
2025-06-01T20:55:05,19366,45747,UDP,No,101.196.19.104
2025-06-22T06:00:59,36756,28273,TCP,No,54.74.36.122
2025-06-05T16:22:40,12965,32075,ICMP,Yes,93.226.76.15
2025-06-01T13:41:39,12666,20837,UDP,No,5.234.80.168
2025-06-13T23:41:24,37640,29801,UDP,No,52.52.247.254
2025-06-09T17:32:44,30743,30509,HTTPS,No,131.229.26.227
2025-06-13T03:57:50,29282,42355,ICMP,No,24.78.110.37
2025-06-01T11:56:03,7733,40888,ICMP,No,159.235.165.246
2025-06-15T15:44:49,16678,28973,HTTP,No,146.25.110.78
2025-06-10T00:42:38,27418,21753,HTTP,Yes,26.183.210.91
2025-06-19T23:06:47,10717,33261,HTTPS,No,192.202.132.134
2025-06-18T20:27:58,18127,17914,UDP,No,63.208.110.71
2025-06-12T15:50:24,7904,33333,HTTP,No,172.3.108.171
2025-06-15T21:06:01,31107,28651,HTTP,No,162.38.180.13
2025-06-20T15:45:33,7868,16665,HTTP,No,71.219.82.223
2025-06-03T13:26:55,18555,23252,ICMP,No,66.255.62.210
2025-06-09T14:01:14,32102,34195,HTTP,No,78.120.113.181
2025-06-04T12:07:56,37881,27816,HTTPS,Yes,41.120.136.2
2025-06-20T21:05:19,19323,22781,TCP,No,41.55.76.94
2025-06-21T15:37:17,27455,43006,HTTP,No,105.250.109.200
2025-06-08T07:07:34,15551,33359,TCP,No,238.74.126.8
2025-06-03T18:48:52,15704,22222,HTTP,No,239.34.225.51
2025-06-06T14:17:10,6837,29537,HTTPS,No,48.207.46.4
2025-06-04T07:52:49,21828,22864,HTTP,No,228.88.250.114
2025-06-15T18:47:15,14011,29629,ICMP,No,147.166.167.217
2025-06-11T06:13:24,25157,11356,TCP,No,167.224.221.221
2025-06-22T13:56:34,28847,10315,ICMP,No,91.197.68.27
2025-06-12T03:25:38,26867,25725,ICMP,No,137.67.4.176
2025-06-20T23:18:35,500,22816,UDP,No,243.33.93.61
2025-06-06T06:09:13,9475,8548,HTTPS,No,201.8.248.28
2025-06-13T14:51:03,20440,48489,ICMP,No,165.204.131.232
2025-06-03T16:28:45,28333,31755,HTTP,Yes,74.175.215.85
2025-06-14T08:25:48,12512,14666,HTTP,No,211.143.70.37
2025-06-19T13:05:55,28428,38662,HTTP,No,52.216.150.93
2025-06-10T12:30:59,32613,23527,HTTPS,Yes,25.232.201.206
2025-06-04T06:35:34,14197,34388,TCP,No,58.114.240.37
2025-06-18T21:08:18,15363,41740,ICMP,No,117.26.177.156
2025-06-13T19:17:16,19282,30295,TCP,No,218.52.112.58
2025-06-21T19:26:03,17334,36726,ICMP,No,100.142.102.249
2025-06-01T06:25:18,29918,21820,UDP,No,42.115.218.84
2025-06-08T03:35:58,21667,20128,TCP,No,142.112.14.112
2025-06-19T21:26:53,2258,11751,ICMP,No,159.196.215.96
2025-06-08T15:56:11,23316,23064,HTTP,No,91.31.26.145
2025-06-07T12:40:51,500,11901,HTTPS,No,79.51.177.164
2025-06-01T23:32:06,23862,20814,UDP,No,151.218.218.223
2025-06-09T18:34:48,22170,29015,UDP,No,103.66.159.237
2025-06-13T11:35:23,20128,33717,HTTPS,No,98.102.149.30
2025-06-09T12:41:37,48392,30938,UDP,No,103.181.175.9
2025-06-01T04:14:00,30394,24260,UDP,No,252.245.231.186
2025-06-17T05:35:35,31027,28367,HTTPS,No,229.143.92.205
2025-06-03T00:25:20,16316,23224,UDP,No,221.168.151.192
2025-06-10T12:06:08,9462,17243,HTTPS,Yes,33.132.93.239
2025-06-20T10:40:15,13437,21824,HTTPS,No,229.210.110.142
2025-06-16T22:42:18,500,35281,HTTPS,No,160.251.235.119
2025-06-22T06:43:21,28037,19592,ICMP,No,67.178.235.118
2025-06-01T17:47:44,16622,37302,UDP,No,228.236.128.221
2025-06-18T06:21:58,4449,25328,UDP,No,243.161.18.74
2025-06-03T04:02:03,13603,27832,HTTP,No,42.165.144.69
2025-06-14T21:31:35,9744,24649,ICMP,No,245.165.197.96
2025-06-11T17:02:10,28488,28978,HTTPS,No,230.2.29.78
2025-06-12T04:45:24,17074,12421,HTTPS,No,37.85.246.131
2025-06-16T16:06:27,9180,27542,ICMP,No,95.29.157.221
2025-06-14T15:46:46,19948,22431,ICMP,No,17.99.247.103
2025-06-15T05:51:32,6264,40955,TCP,No,21.72.162.90
2025-06-22T08:10:15,21645,43008,HTTP,No,162.133.30.28
2025-06-06T11:29:32,32105,15369,UDP,No,117.43.61.221
2025-06-19T00:01:12,24871,21426,HTTP,No,66.19.149.80
2025-06-01T20:22:02,15538,26602,HTTP,No,227.11.149.104
2025-06-13T05:35:58,30278,22358,ICMP,No,97.234.27.34
2025-06-19T01:50:42,25170,26331,HTTP,No,101.133.218.21
2025-06-19T16:22:33,37139,12332,ICMP,No,19.120.236.215
2025-06-05T04:34:56,19702,19425,HTTP,Yes,115.29.200.41
2025-06-02T14:39:51,4475,19695,HTTP,No,177.87.245.14
2025-06-04T21:41:06,30984,500,UDP,No,60.112.138.16
2025-06-11T13:32:29,14840,17695,ICMP,No,157.11.171.125
2025-06-17T13:19:04,19151,34857,HTTPS,No,209.191.125.111
2025-06-17T10:23:03,9346,21447,HTTP,No,226.204.134.106
2025-06-11T08:53:40,10648,27498,HTTPS,No,43.173.84.164
2025-06-11T13:29:10,16275,32218,HTTP,No,131.176.209.219
2025-06-13T12:42:08,23041,13582,ICMP,No,207.112.227.183
2025-06-06T07:06:55,16768,12617,HTTPS,Yes,3.151.51.223
2025-06-07T04:30:47,23619,16515,TCP,No,134.143.141.243
2025-06-20T22:50:27,26960,5645,HTTP,No,77.66.73.220
2025-06-14T13:12:40,1707,24034,UDP,No,49.40.54.42
2025-06-13T23:26:42,33004,33941,UDP,No,165.68.121.74
2025-06-22T05:38:32,5634,40195,ICMP,No,139.182.33.166
2025-06-14T21:04:22,6688,12558,TCP,No,194.154.56.217
2025-06-18T15:31:56,500,29379,UDP,No,178.213.210.108
2025-06-19T22:03:28,30137,7355,HTTPS,No,48.92.210.107
2025-06-04T02:00:00,18695,23475,ICMP,No,201.53.101.205
2025-06-15T01:48:28,36797,27937,TCP,No,13.0.232.7
2025-06-17T08:10:45,11672,24640,HTTP,No,89.33.188.72
2025-06-10T07:52:14,21913,27994,HTTP,No,38.234.134.54
2025-06-16T10:21:48,19697,931,HTTP,No,27.20.73.162
2025-06-18T09:26:07,32098,21325,ICMP,No,44.69.183.199
2025-06-05T20:40:37,7084,36627,HTTP,No,75.61.114.168
2025-06-06T02:52:37,16784,12455,TCP,No,5.211.228.76
2025-06-12T21:48:31,6474,11725,ICMP,No,104.224.148.221
2025-06-18T07:40:58,32972,6761,UDP,No,39.148.69.5
2025-06-20T21:33:01,19507,39015,HTTPS,No,223.14.134.112
2025-06-17T05:14:51,1755,35475,ICMP,Yes,207.160.195.45
2025-06-05T01:29:55,17862,27408,UDP,No,41.165.250.121
2025-06-18T14:41:24,19635,34540,TCP,No,112.227.60.55
2025-06-13T12:29:02,5293,20908,TCP,No,171.160.37.121
2025-06-17T08:14:03,24127,12722,ICMP,No,68.180.193.210
2025-06-02T13:37:14,7818,19913,HTTP,No,161.74.66.83
2025-06-19T04:45:12,26200,34402,TCP,No,202.36.174.126
2025-06-07T05:46:43,12175,37328,TCP,No,12.156.61.193
2025-06-16T21:06:06,27104,28485,HTTP,No,18.207.224.231
2025-06-20T00:53:54,19659,22208,HTTPS,No,182.149.204.36
2025-06-10T01:57:49,14795,27438,TCP,No,142.47.29.102
2025-06-16T23:19:55,10214,25823,UDP,No,185.144.163.169
2025-06-19T03:55:36,30443,35321,TCP,No,10.14.7.118
2025-06-21T00:20:28,27555,12780,TCP,No,103.83.238.119
2025-06-18T09:02:26,14633,23228,HTTP,Yes,160.36.177.74
2025-06-05T07:12:39,11110,31773,UDP,No,140.170.188.74
2025-06-18T16:58:26,11035,500,HTTPS,No,131.21.252.134
2025-06-11T10:03:34,23494,36330,HTTPS,No,148.12.212.213
2025-06-11T09:06:47,11763,21829,UDP,No,19.251.206.221
2025-06-07T10:11:29,23178,15297,TCP,No,43.161.218.120
2025-06-17T15:38:00,25001,16222,HTTPS,Yes,149.65.90.12
2025-06-22T00:02:39,11814,20788,HTTPS,No,126.208.175.251
2025-06-01T22:28:31,11629,28360,HTTPS,No,145.107.123.219
2025-06-07T06:32:57,47572,46622,TCP,No,91.154.39.177
2025-06-11T04:46:15,14778,38573,UDP,No,31.102.201.127
2025-06-05T20:13:44,25595,28531,UDP,No,120.166.221.243
2025-06-08T13:33:48,38953,34269,ICMP,No,245.53.242.87
2025-06-14T14:47:44,25069,12689,HTTPS,No,74.26.174.186
2025-06-17T20:17:37,12251,26045,HTTP,No,13.160.68.152
2025-06-22T17:32:06,18641,500,UDP,No,68.16.69.112
2025-06-09T21:03:21,32879,39589,UDP,No,216.14.82.130
2025-06-14T11:01:25,24990,16486,HTTP,No,116.75.55.18
2025-06-02T16:15:19,20212,38074,HTTP,No,167.16.47.63
2025-06-14T22:49:49,31880,15071,ICMP,No,178.40.59.199
2025-06-14T11:27:40,15524,14999,UDP,No,15.41.10.156
2025-06-19T10:58:49,23233,20264,TCP,No,116.108.27.165
2025-06-02T01:29:38,16831,10992,ICMP,Yes,163.54.28.79
2025-06-05T06:38:08,25736,38374,ICMP,No,68.225.190.40
2025-06-03T18:14:58,22611,40050,UDP,No,230.30.8.96
2025-06-16T23:43:46,30215,5084,HTTPS,No,223.212.184.140
2025-06-08T10:46:42,500,24478,TCP,No,176.177.102.227
2025-06-09T19:10:30,41941,25259,TCP,No,227.69.254.74
2025-06-05T18:59:46,15405,13500,UDP,No,235.16.5.91
2025-06-14T03:45:20,12398,18159,TCP,No,34.130.97.115
2025-06-10T10:12:23,18782,25297,ICMP,No,94.161.117.227
2025-06-02T07:17:07,21313,41514,HTTP,No,250.95.37.191
2025-06-06T19:53:41,39924,29487,HTTP,No,38.109.97.152
2025-06-02T12:56:59,20018,19884,TCP,No,208.64.126.106
2025-06-19T16:55:46,15986,24187,TCP,Yes,107.159.193.169
2025-06-17T07:56:12,13067,26309,TCP,No,213.2.246.153
2025-06-07T17:26:14,20695,6889,HTTP,No,65.250.84.185
2025-06-18T23:26:53,10404,21270,TCP,No,185.244.59.227
2025-06-06T16:07:31,25919,20078,TCP,No,172.51.114.4
2025-06-17T02:59:03,31709,41185,ICMP,Yes,211.82.69.59
2025-06-18T14:03:34,14144,43826,UDP,No,242.153.193.143
2025-06-16T13:41:58,30153,23161,TCP,No,186.242.45.5
2025-06-08T00:11:30,19784,15287,HTTP,No,168.223.23.43
2025-06-22T19:46:12,11956,30050,HTTPS,No,167.169.12.57
2025-06-13T19:16:47,24732,26055,TCP,No,46.187.206.104
2025-06-09T05:57:34,12471,21220,HTTPS,No,177.254.93.78
2025-06-06T23:55:12,6133,18439,HTTPS,Yes,138.204.243.248
2025-06-18T17:02:39,43399,38806,ICMP,No,236.19.173.225
2025-06-08T10:44:19,22339,7982,ICMP,No,240.230.191.216
2025-06-19T23:06:44,32826,16447,TCP,No,222.197.203.123
2025-06-11T02:11:38,25697,32060,HTTPS,No,140.106.166.5
2025-06-09T23:20:02,15916,11160,HTTP,No,238.208.95.74
2025-06-19T03:10:56,16215,33395,UDP,No,224.221.38.144
2025-06-22T03:08:54,5538,42086,HTTP,No,176.201.129.161
2025-06-08T23:03:32,22551,49968,HTTP,No,112.64.68.226
2025-06-14T17:07:28,24401,31627,HTTP,No,62.19.38.44
2025-06-17T01:54:08,19572,27550,ICMP,No,202.143.23.53
2025-06-16T04:29:09,10307,8280,HTTP,No,42.101.199.78
2025-06-01T11:37:50,27038,12771,UDP,No,252.188.83.51
2025-06-09T14:53:47,33311,28902,HTTPS,No,209.212.175.210
2025-06-20T15:00:14,11902,15412,TCP,No,146.150.39.9
2025-06-06T18:58:01,8956,17442,UDP,No,253.156.66.115
2025-06-15T03:57:52,500,30693,HTTP,Yes,40.25.97.182
2025-06-07T15:07:49,18411,38485,UDP,No,22.13.225.131
2025-06-13T23:09:35,18233,13307,UDP,No,2.241.152.54
2025-06-01T16:09:05,25349,35901,UDP,No,215.64.206.46
2025-06-19T04:00:01,18343,14938,TCP,No,29.37.163.71
2025-06-13T23:35:45,30700,28673,UDP,No,234.6.28.134
2025-06-03T08:00:38,25287,12569,HTTP,No,129.233.230.211
2025-06-01T20:49:06,22053,37974,HTTP,No,116.243.19.163
2025-06-22T14:46:11,45519,20871,HTTP,No,32.42.140.38
2025-06-06T12:59:14,23952,22820,UDP,No,161.251.216.105
2025-06-09T23:02:30,22190,16206,UDP,No,82.167.248.46
2025-06-04T00:42:37,29043,16300,HTTPS,No,209.155.144.41
2025-06-06T05:32:25,41845,24375,TCP,No,153.206.176.57
2025-06-19T10:36:39,23758,7562,TCP,No,83.192.91.65
2025-06-17T07:35:24,15408,19052,HTTPS,No,163.39.53.108
2025-06-09T05:21:02,34489,36325,UDP,No,111.251.25.187
2025-06-03T01:25:09,12783,35788,ICMP,No,20.42.190.251
2025-06-12T04:40:07,34998,13266,HTTPS,No,104.188.218.208
2025-06-13T09:28:00,11941,33530,UDP,Yes,247.38.31.89
2025-06-09T20:59:27,24782,30294,ICMP,No,198.186.124.250
2025-06-12T01:26:59,31681,47087,UDP,No,108.122.37.115
2025-06-20T13:10:27,16636,20152,TCP,No,34.57.179.77
2025-06-21T14:22:14,42277,23093,TCP,Yes,145.92.74.49
2025-06-20T03:40:51,23368,6967,HTTP,No,149.87.130.144
2025-06-07T01:54:05,24102,14759,UDP,No,105.87.66.140
2025-06-10T01:45:46,17568,41684,TCP,No,63.161.214.253
2025-06-05T16:37:15,20746,6677,TCP,No,125.36.248.32
2025-06-05T21:49:56,36878,30850,HTTPS,No,212.186.74.247
2025-06-14T11:06:04,27246,39587,HTTP,No,53.79.139.150
2025-06-14T13:26:30,29590,28222,TCP,Yes,101.153.89.254
2025-06-13T21:01:59,11921,28010,ICMP,No,65.4.63.24
2025-06-09T05:47:01,15180,22128,HTTPS,Yes,28.194.134.78
2025-06-13T17:41:50,14760,14897,TCP,No,218.30.194.66
2025-06-12T16:45:00,19714,48167,TCP,No,119.23.229.249
2025-06-03T15:26:12,22131,15156,TCP,No,6.69.131.144
2025-06-21T12:43:41,17707,33145,ICMP,No,184.215.113.25
2025-06-18T18:13:30,22514,32873,HTTP,Yes,188.36.35.25
2025-06-01T01:24:27,33414,16352,ICMP,No,6.232.173.19
2025-06-19T01:02:14,24913,43681,ICMP,No,130.223.71.159
2025-06-10T13:31:21,27976,17692,HTTP,No,166.154.64.173
2025-06-17T09:14:43,14066,39729,HTTPS,No,56.185.164.193
2025-06-04T13:01:24,20805,2912,HTTP,No,9.225.68.148
2025-06-11T16:26:31,15275,36954,UDP,No,211.110.227.3
2025-06-10T20:11:35,28524,30111,TCP,No,221.85.45.254
2025-06-08T18:45:59,5428,33149,HTTP,Yes,224.215.247.222
2025-06-01T19:16:55,31214,500,HTTP,No,15.69.46.97
2025-06-12T12:01:15,26914,24930,TCP,No,203.54.240.252
2025-06-05T19:17:25,31066,23600,ICMP,No,168.136.246.153
2025-06-18T02:57:11,25518,25345,UDP,No,251.250.187.201
2025-06-16T13:32:59,21178,32390,HTTPS,Yes,73.129.47.12
2025-06-12T06:47:25,11863,5863,ICMP,No,122.39.56.65
2025-06-05T20:08:12,26670,24705,TCP,Yes,186.72.202.18
2025-06-09T04:05:19,8915,23063,HTTPS,No,163.73.235.79
2025-06-01T09:57:47,26861,16891,ICMP,No,154.40.106.47
2025-06-02T04:48:07,4237,6826,HTTPS,Yes,133.132.108.245
2025-06-06T13:17:58,21857,55274,TCP,No,4.92.154.215
2025-06-16T00:56:52,35608,9070,HTTPS,No,119.39.90.142
2025-06-07T09:44:16,16208,34223,HTTP,No,154.93.240.107
2025-06-06T11:33:35,25849,26596,HTTPS,No,106.63.10.115
2025-06-18T20:00:59,36839,32855,UDP,No,4.70.1.73
2025-06-02T04:43:12,16838,16218,ICMP,No,120.77.117.147
2025-06-13T03:50:52,20388,35298,UDP,No,13.68.250.95
2025-06-03T06:02:20,15484,11059,HTTP,Yes,213.177.255.95
2025-06-10T15:39:42,31998,33187,HTTP,No,109.169.171.253
2025-06-08T19:08:06,20394,19077,TCP,No,109.6.205.25
2025-06-18T04:15:21,12282,40974,HTTP,No,239.0.181.147
2025-06-04T05:09:40,29883,36038,TCP,Yes,7.57.157.135
2025-06-01T15:36:43,24231,17823,HTTPS,No,12.236.0.99
2025-06-18T10:00:11,5558,15971,UDP,No,125.120.2.11
2025-06-18T12:16:12,22470,9689,UDP,Yes,184.224.89.37
2025-06-02T14:46:39,36687,24269,HTTP,No,255.157.178.120
2025-06-06T03:38:58,8741,22909,ICMP,No,67.94.163.82
2025-06-06T05:32:58,25401,17506,UDP,No,195.122.105.1
2025-06-04T17:04:16,13015,19837,ICMP,No,134.187.28.250
2025-06-09T10:51:38,9464,20520,UDP,No,64.49.96.20
2025-06-03T01:49:14,7573,30983,HTTP,Yes,154.145.176.102
2025-06-11T22:25:13,25478,38031,TCP,No,170.37.32.153
2025-06-07T05:08:06,28690,26948,ICMP,No,200.19.159.25
2025-06-09T20:32:36,11636,23836,HTTPS,Yes,238.188.241.199
2025-06-19T07:43:25,32255,31061,ICMP,No,12.36.203.137
2025-06-10T13:55:02,12038,22606,HTTPS,No,209.198.1.230
2025-06-01T12:11:15,7141,41175,ICMP,No,245.92.186.75
2025-06-22T00:23:08,34225,23190,HTTPS,No,66.124.20.40
2025-06-15T05:38:12,24979,23311,HTTP,No,176.70.86.230
2025-06-01T15:59:17,29952,31855,ICMP,No,76.22.20.220
2025-06-17T21:11:08,21426,29918,HTTP,Yes,255.93.33.237
2025-06-02T02:43:19,27083,46264,HTTPS,No,252.170.152.170
2025-06-07T02:36:21,21486,30391,HTTP,No,43.21.103.125
2025-06-11T07:15:38,27174,24436,ICMP,No,158.234.46.133
2025-06-11T12:53:17,36486,15761,UDP,No,199.235.79.13
2025-06-11T03:06:12,25518,12074,TCP,No,6.198.163.211
2025-06-14T05:24:11,6971,31862,UDP,Yes,247.27.38.86
2025-06-11T18:15:34,18618,45481,TCP,No,240.221.72.185
2025-06-18T12:37:04,33334,4383,ICMP,No,194.192.149.25
2025-06-18T02:30:13,26919,15405,ICMP,No,61.56.135.180
2025-06-01T21:12:37,18211,24130,TCP,No,205.100.183.200
2025-06-01T21:24:22,16295,40807,ICMP,No,112.78.173.254
2025-06-07T05:27:18,500,41134,UDP,No,180.33.40.25
2025-06-15T19:49:51,32337,46589,HTTPS,Yes,117.206.157.70
2025-06-09T21:09:54,500,24226,TCP,No,188.10.90.99
2025-06-15T00:51:08,32621,35774,HTTPS,No,106.148.99.66
2025-06-21T20:33:33,35488,21837,UDP,No,105.140.11.141
2025-06-17T01:33:59,11714,21313,UDP,No,143.89.131.244
2025-06-05T10:43:35,33580,57998,HTTPS,No,145.50.68.6
2025-06-09T14:20:53,22257,23496,TCP,No,53.245.139.208
2025-06-21T12:34:18,28390,44391,TCP,No,97.231.20.10
2025-06-19T19:40:24,12501,38199,ICMP,No,49.36.117.28
2025-06-10T05:43:04,22551,45444,HTTPS,No,238.201.191.22
2025-06-05T12:44:28,22148,15857,HTTP,No,12.13.207.175
2025-06-08T14:15:55,7911,26704,TCP,No,21.80.175.83
2025-06-04T00:56:20,5610,27461,UDP,Yes,107.237.83.12
2025-06-17T10:10:06,12858,17024,ICMP,No,145.247.206.9
2025-06-18T15:16:29,1221,46788,UDP,No,139.236.12.183
2025-06-08T18:04:55,23340,6444,ICMP,No,37.141.201.117
2025-06-14T19:47:36,36317,4340,HTTPS,No,216.206.195.152
2025-06-20T18:56:04,29884,13161,ICMP,No,103.78.132.238
2025-06-21T01:09:39,38084,17705,HTTP,Yes,68.156.101.206
2025-06-22T23:39:17,40690,26988,ICMP,No,154.245.100.90
2025-06-04T03:17:07,53231,31434,TCP,No,252.137.127.57
2025-06-22T04:47:37,38383,11890,HTTPS,No,78.18.161.15
2025-06-17T08:08:34,8427,25585,ICMP,No,157.50.195.32
2025-06-22T14:35:52,23803,34968,TCP,No,10.189.195.66
2025-06-18T22:23:11,11672,18571,UDP,No,74.204.57.48
2025-06-09T23:36:07,26931,42738,HTTPS,No,88.128.30.22
2025-06-14T08:45:39,30645,26438,ICMP,No,237.249.78.58
2025-06-03T22:17:13,28507,27618,ICMP,No,13.13.92.96
2025-06-01T13:13:13,19447,27410,HTTP,No,92.68.254.185
2025-06-19T06:05:01,18926,23002,UDP,No,82.7.200.241
2025-06-22T16:30:05,16014,35648,HTTPS,Yes,60.6.119.245
2025-06-19T02:04:28,23408,38115,HTTPS,No,18.88.236.105
2025-06-22T06:49:56,28111,25127,ICMP,No,1.164.87.22
2025-06-19T13:05:14,10503,12471,HTTP,No,228.117.110.20
2025-06-17T01:16:58,15441,36833,HTTPS,No,122.12.125.76
2025-06-14T14:00:29,26306,19744,TCP,No,186.167.232.19
2025-06-19T12:13:32,18586,13692,HTTPS,Yes,202.35.40.40
2025-06-08T20:25:12,5190,33472,UDP,No,19.230.199.78
2025-06-19T09:36:26,29264,22701,UDP,Yes,55.237.162.147
2025-06-19T05:08:38,11910,28231,TCP,No,15.168.80.242
2025-06-10T00:16:12,21854,45874,UDP,No,125.8.73.201
2025-06-17T03:55:23,17939,35370,TCP,No,253.184.47.250
2025-06-05T19:37:25,25752,40630,ICMP,No,20.202.44.52
2025-06-02T21:33:05,32864,32303,UDP,No,14.169.79.15
2025-06-08T02:13:23,11266,15644,HTTP,No,54.238.100.168
2025-06-14T07:59:11,6217,26566,HTTPS,No,233.245.133.173
2025-06-03T01:06:06,28167,28920,HTTPS,No,210.186.157.59
2025-06-17T05:46:37,30546,27032,HTTPS,Yes,163.28.215.77
2025-06-07T19:05:48,14964,26607,UDP,No,140.47.45.74
2025-06-07T18:21:26,19086,16895,HTTP,No,36.88.207.30
2025-06-08T10:43:30,14348,37829,HTTP,No,115.17.103.65
2025-06-17T00:41:24,16690,22221,HTTP,No,226.37.74.105
2025-06-06T15:10:57,34115,21972,ICMP,No,95.211.9.89
2025-06-21T09:46:03,29807,18503,UDP,No,41.121.245.7
2025-06-19T19:23:57,19365,28571,HTTPS,No,32.32.44.53
2025-06-06T08:23:37,2856,18817,ICMP,No,37.225.189.97
2025-06-08T07:01:36,5688,35038,HTTPS,No,41.126.29.175
2025-06-04T00:23:43,18821,20428,HTTP,No,82.196.150.220
2025-06-02T02:13:30,20223,29420,UDP,No,111.45.252.253
2025-06-12T01:35:15,19482,35821,HTTPS,No,174.33.225.182
2025-06-01T12:53:16,18046,21736,UDP,Yes,28.161.103.19
2025-06-22T10:56:40,18390,17226,HTTPS,No,174.196.252.89
2025-06-07T02:33:38,19328,26000,UDP,No,60.80.252.87
2025-06-03T00:36:05,31872,12891,TCP,Yes,30.96.22.182
2025-06-21T06:23:40,21329,22501,HTTPS,No,36.233.181.248
2025-06-18T17:03:29,23151,12587,TCP,No,157.130.254.106
2025-06-14T00:02:49,500,19334,UDP,No,161.18.184.14
2025-06-21T05:35:36,5492,24888,TCP,No,96.63.95.126
2025-06-14T21:22:17,32605,19949,HTTPS,No,23.200.247.204
2025-06-02T11:41:53,45181,21024,HTTPS,No,205.199.96.96
2025-06-18T09:08:36,9734,38546,ICMP,No,19.117.42.91
2025-06-02T09:22:51,15120,26457,TCP,No,104.208.63.39
2025-06-14T21:30:50,26624,36366,HTTPS,No,53.88.2.51
2025-06-02T21:13:44,14435,43174,TCP,Yes,91.30.241.182
2025-06-17T23:14:10,13582,20981,TCP,No,62.204.142.201
2025-06-04T01:18:35,17063,33856,ICMP,No,153.110.175.35
2025-06-03T23:46:49,15599,22715,TCP,Yes,146.52.7.207
2025-06-18T10:20:52,11649,21743,UDP,No,68.195.71.188
2025-06-03T00:47:12,30190,12842,HTTP,No,71.181.92.227
2025-06-17T04:01:14,20590,9946,HTTPS,Yes,16.61.23.14
2025-06-07T19:02:31,30703,26545,ICMP,No,231.73.61.214
2025-06-13T19:55:57,30785,48294,ICMP,No,188.142.92.46
2025-06-14T18:26:31,7166,33023,HTTP,No,16.145.114.174
2025-06-07T12:27:26,20548,10715,HTTP,No,212.31.94.105
2025-06-09T03:54:19,22126,16835,UDP,No,146.253.107.189
2025-06-10T11:10:19,10969,13719,ICMP,No,151.226.32.79
2025-06-13T14:32:06,680,25853,ICMP,No,12.39.73.81
2025-06-18T15:46:29,33291,26938,HTTP,No,16.169.48.252
2025-06-19T18:04:23,11785,32526,UDP,No,211.136.83.103
2025-06-20T22:04:48,17928,33174,HTTPS,No,46.147.61.164
2025-06-07T07:14:10,43265,16898,TCP,No,210.8.169.43
2025-06-05T16:29:29,31567,31788,HTTPS,No,121.200.116.251
2025-06-14T05:38:33,23558,22916,ICMP,No,82.160.67.74
2025-06-17T18:32:24,26444,500,HTTP,No,249.197.75.32
2025-06-12T16:43:52,16704,27888,HTTP,Yes,193.170.124.77
2025-06-03T01:57:12,20663,34237,TCP,Yes,199.174.193.27
2025-06-14T08:11:55,20402,39247,ICMP,Yes,3.67.201.227
2025-06-14T20:19:01,1991,22629,TCP,No,90.136.182.212
2025-06-14T13:05:37,18952,42790,UDP,No,149.252.250.121
2025-06-15T13:24:41,23117,23702,HTTPS,No,176.222.14.6
2025-06-16T18:29:09,534,33608,UDP,No,237.28.232.216
2025-06-16T16:20:40,5715,31868,TCP,No,250.240.218.45
2025-06-07T06:28:44,19001,25719,TCP,No,171.210.93.145
2025-06-16T22:58:14,26396,18821,TCP,No,164.70.121.90
2025-06-12T00:53:00,22149,30058,ICMP,No,240.97.231.206
2025-06-07T06:50:22,23802,7675,UDP,No,16.52.156.25
2025-06-19T13:54:21,15722,28178,HTTP,Yes,211.42.78.97
2025-06-05T18:56:24,34961,22539,ICMP,Yes,16.136.128.87
2025-06-12T01:51:35,40497,27427,HTTP,No,37.50.233.48
2025-06-16T01:38:44,13988,28528,UDP,No,191.26.94.3
2025-06-08T20:04:55,14610,16465,HTTP,No,175.226.143.108
2025-06-15T07:39:28,8497,37839,ICMP,No,198.212.156.247
2025-06-03T01:58:32,14206,50612,HTTP,No,199.163.47.73
2025-06-15T15:55:00,24913,51987,HTTP,No,8.229.137.253
2025-06-22T07:37:42,29335,35412,ICMP,Yes,212.122.246.207
2025-06-20T13:34:49,43968,2950,ICMP,No,135.100.215.233
2025-06-21T03:44:11,16568,31823,HTTP,No,193.118.144.133
2025-06-08T14:04:51,22507,23524,TCP,No,203.171.28.143
2025-06-14T09:01:45,24013,52176,HTTPS,No,3.47.89.182
2025-06-16T09:29:57,28562,10902,TCP,Yes,176.99.201.3
2025-06-12T13:52:41,10221,31265,TCP,Yes,117.138.193.167
2025-06-01T16:58:56,8718,46081,ICMP,No,96.173.200.214
2025-06-18T04:23:06,1876,7692,HTTP,No,27.206.167.144
2025-06-06T15:44:10,500,38225,HTTPS,No,92.223.138.8
2025-06-21T19:44:44,30755,35869,HTTP,No,153.129.121.220
2025-06-13T19:04:07,20360,41282,UDP,No,248.208.71.225
2025-06-22T04:29:11,19966,17807,HTTPS,No,52.180.86.4
2025-06-01T15:10:43,25040,31621,HTTPS,No,150.115.144.199
2025-06-22T03:44:08,23706,17264,TCP,No,144.31.98.161
2025-06-06T03:22:19,20976,9161,TCP,No,124.110.78.251
2025-06-15T02:48:12,4958,28927,UDP,No,180.48.26.161
2025-06-15T15:39:51,14732,35813,ICMP,Yes,255.6.203.188
2025-06-21T20:51:17,28795,18780,UDP,No,140.23.79.45
2025-06-04T09:35:37,25205,26736,ICMP,No,214.47.112.17
2025-06-21T09:38:51,25592,10109,UDP,No,62.139.148.144
2025-06-18T20:17:43,35838,31010,ICMP,No,172.99.77.168
2025-06-14T12:07:48,20992,26063,UDP,No,60.190.223.212
2025-06-06T11:36:07,28100,35581,UDP,No,148.125.45.131
2025-06-06T10:34:21,4854,39386,HTTPS,No,154.127.200.154
2025-06-12T06:53:43,13985,41468,ICMP,No,243.31.197.20
2025-06-18T09:00:37,20160,20806,ICMP,No,42.185.176.216
2025-06-20T02:43:13,11229,32237,ICMP,No,22.7.124.44
2025-06-16T14:05:07,30295,20881,TCP,No,124.88.13.156
2025-06-21T21:08:29,34001,21427,HTTP,No,247.33.106.145
2025-06-08T06:51:51,11857,56368,ICMP,No,174.227.58.115
2025-06-09T01:13:44,25122,20969,UDP,No,86.233.54.87
2025-06-02T05:58:50,19770,39668,HTTPS,No,109.114.92.152
2025-06-06T04:53:17,11245,20225,HTTP,No,213.82.217.236
2025-06-18T08:48:45,32448,33320,HTTP,No,188.160.187.139
2025-06-13T15:55:01,500,13086,HTTPS,No,67.13.116.156
2025-06-14T18:33:20,22409,23267,ICMP,No,82.214.179.108
2025-06-14T09:37:40,24898,35946,TCP,No,111.8.178.89
2025-06-09T08:38:37,11562,8896,ICMP,No,223.80.57.24
2025-06-20T10:32:04,9496,23557,HTTPS,No,40.119.132.150
2025-06-15T09:56:08,26748,45010,ICMP,No,198.243.64.196
2025-06-03T01:07:43,18892,7431,ICMP,No,60.132.66.111
2025-06-08T01:11:11,19829,20751,ICMP,No,242.229.88.212
2025-06-08T03:26:39,9896,24874,ICMP,Yes,190.103.98.243
2025-06-04T15:18:07,23022,29162,ICMP,No,246.254.18.148
2025-06-01T18:16:13,13753,36451,HTTPS,No,91.15.170.224
2025-06-08T20:53:54,18321,30268,UDP,No,176.198.201.147
2025-06-03T06:23:52,25076,34038,HTTPS,Yes,202.101.86.84
2025-06-19T09:05:28,26111,40050,HTTP,No,182.253.181.31
2025-06-05T10:57:23,19949,14628,UDP,No,64.134.50.23
2025-06-08T21:12:45,11050,27867,UDP,No,126.49.131.175
2025-06-22T18:08:53,13308,37591,HTTP,No,185.26.229.0
2025-06-08T20:40:30,500,20751,HTTPS,No,18.126.111.80
2025-06-18T05:12:00,24085,14943,UDP,No,226.181.27.91
2025-06-13T05:41:15,25682,3571,UDP,No,77.221.40.139
2025-06-15T06:06:05,22589,23721,HTTPS,No,1.43.236.253
2025-06-15T01:51:44,6354,33125,UDP,No,253.47.131.255
2025-06-12T09:03:27,18573,35009,TCP,Yes,55.219.182.160
2025-06-12T21:45:23,16469,3400,TCP,No,11.186.45.21
2025-06-22T15:58:12,35343,29712,ICMP,No,65.244.64.187
2025-06-18T13:26:39,8527,31082,UDP,No,75.204.55.74
2025-06-20T21:24:33,13498,37736,TCP,No,49.221.173.99
2025-06-08T18:29:44,26415,32791,ICMP,No,153.34.196.129
2025-06-13T00:11:15,30459,32988,HTTPS,No,165.235.239.21
2025-06-19T06:56:58,15670,22684,HTTPS,No,49.158.93.62
2025-06-11T13:27:27,33756,39803,HTTPS,No,19.11.161.196
2025-06-03T14:59:38,23618,39989,HTTPS,No,141.196.109.113
2025-06-03T01:33:55,28202,35470,TCP,No,131.190.62.194
2025-06-16T09:20:38,25034,30950,HTTPS,No,66.32.218.166
2025-06-12T14:05:42,23878,23710,HTTPS,No,40.162.119.7
2025-06-21T15:44:22,18411,25061,TCP,No,113.70.134.107
2025-06-14T13:31:14,23512,20135,ICMP,No,82.250.19.85
2025-06-20T19:41:02,23193,8600,UDP,No,119.46.188.151
2025-06-07T16:07:46,25327,25903,ICMP,No,141.32.56.150
2025-06-01T01:23:47,16306,28593,HTTP,No,146.128.133.173
2025-06-16T10:58:05,3493,42460,HTTP,No,180.158.56.197
2025-06-18T09:25:36,27920,32093,TCP,No,179.164.202.212
2025-06-17T17:22:40,500,45342,TCP,No,242.83.63.116
2025-06-18T03:06:13,26722,22548,TCP,Yes,15.203.39.59
2025-06-20T05:28:04,1106,11569,UDP,No,224.227.45.178
2025-06-07T08:02:39,17593,7233,TCP,No,92.114.156.177
2025-06-01T06:02:26,20072,26735,TCP,No,251.220.181.17
2025-06-13T12:51:22,16634,25126,UDP,No,125.42.82.95
2025-06-05T03:41:31,31319,21321,TCP,Yes,229.113.174.110
2025-06-09T03:21:46,22773,4861,HTTPS,No,131.179.212.30
2025-06-10T12:29:34,13518,40930,HTTPS,No,137.46.246.77
2025-06-10T21:23:06,500,5047,TCP,No,21.180.21.238
2025-06-07T11:10:15,28838,16982,HTTP,No,190.199.167.199
2025-06-15T08:30:18,500,14654,ICMP,No,242.84.107.82
2025-06-22T14:16:28,24153,17603,UDP,No,117.80.172.210
2025-06-04T01:13:48,28998,42914,UDP,No,253.88.148.8
2025-06-14T01:33:27,17849,24604,UDP,No,239.254.190.146
2025-06-14T10:04:02,41985,11237,HTTP,Yes,92.89.171.29
2025-06-11T22:19:00,36886,25538,ICMP,No,46.252.115.39
2025-06-03T17:57:23,10806,23062,TCP,No,226.190.35.238
2025-06-02T19:39:31,22473,17936,HTTPS,No,215.199.77.238
2025-06-19T00:16:42,20989,35985,ICMP,No,83.227.236.193
2025-06-20T00:26:53,17927,26068,UDP,No,155.183.137.170
2025-06-09T02:26:13,7475,20455,TCP,No,207.145.182.163
2025-06-01T15:00:41,34867,39105,UDP,No,93.157.250.101
2025-06-20T14:17:20,20025,29826,HTTPS,No,22.1.36.19
2025-06-05T02:59:57,16528,25234,TCP,No,192.244.222.63
2025-06-20T08:29:39,13460,23034,UDP,No,91.50.205.80
2025-06-19T13:09:28,7799,31718,TCP,No,27.213.49.63
