timestamp,ip_address,url_accessed,http_method,status_code,response_time_ms
2025-06-16T16:17:20.864997,49.9.1.235,/assets/logo.png,PUT,302,143
2025-06-12T08:11:12.907221,27.174.101.58,/assets/logo.png,POST,200,147
2025-06-15T17:31:24.197013,13.94.201.98,/home,GET,302,251
2025-06-10T19:18:16.219313,220.212.83.182,/faq,PUT,500,221
2025-06-04T08:38:50.113305,107.224.199.22,/faq,PUT,200,432
2025-06-05T02:15:17.800769,206.125.157.209,/cart,POST,200,107
2025-06-19T22:55:40.742170,66.1.175.28,/cart,DELETE,200,198
2025-06-11T19:26:33.343885,241.78.130.32,/login,PUT,200,163
2025-06-08T23:23:19.920707,219.220.223.230,/cart,GET,302,315
2025-06-18T17:04:26.445416,159.15.93.110,/cart,GET,200,197
2025-06-14T06:46:13.147545,239.55.86.59,/api/order,POST,404,146
2025-06-05T10:23:42.455207,4.126.180.92,/contact,PUT,403,212
2025-06-15T16:18:05.728508,143.135.254.244,/contact,POST,403,134
2025-06-22T18:52:52.872910,98.48.249.189,/assets/logo.png,PUT,500,234
2025-06-17T07:37:51.759545,114.7.156.3,/checkout,POST,302,48
2025-06-02T03:41:00.523220,163.249.208.216,/home,DELETE,404,199
2025-06-18T16:44:05.978426,42.76.235.151,/login,DELETE,200,266
2025-06-15T14:15:18.998687,69.71.120.239,/cart,POST,200,105
2025-06-10T15:53:16.662025,95.191.49.94,/admin,PUT,200,15
2025-06-17T08:01:40.110714,104.122.89.224,/cart,POST,200,248
2025-06-10T19:22:15.690727,230.74.20.172,/contact,DELETE,302,344
2025-06-05T17:08:12.007485,128.110.233.73,/checkout,GET,200,209
2025-06-14T23:13:06.634958,21.226.64.110,/admin,DELETE,302,219
2025-06-22T15:28:45.810536,198.248.93.194,/products,GET,200,243
2025-06-21T02:28:57.426694,110.101.178.190,/cart,POST,200,356
2025-06-19T10:09:53.794146,78.139.63.73,/contact,DELETE,302,270
2025-06-10T23:35:54.545795,78.85.147.162,/contact,PUT,500,273
2025-06-06T21:09:20.790769,245.8.117.174,/admin,POST,403,223
2025-06-21T21:29:37.870122,179.212.78.79,/products,PUT,302,228
2025-06-03T15:31:52.609265,141.115.136.176,/checkout,GET,200,350
2025-06-14T03:50:23.247177,133.15.173.51,/faq,PUT,404,422
2025-06-15T07:00:22.304406,104.111.6.146,/api/products,GET,200,255
2025-06-03T16:06:17.987455,109.132.81.147,/contact,POST,200,230
2025-06-02T11:26:24.338357,10.72.57.140,/api/products,DELETE,200,262
2025-06-20T05:32:57.645471,61.194.83.241,/products,POST,404,371
2025-06-16T03:17:55.032412,86.13.175.12,/api/order,DELETE,200,208
2025-06-15T07:16:55.981470,46.124.29.14,/contact,GET,200,80
2025-06-10T09:57:42.123842,74.82.97.137,/cart,GET,200,176
2025-06-04T16:23:57.017857,87.231.165.5,/contact,GET,200,251
2025-06-13T10:13:47.604086,160.0.130.137,/contact,DELETE,403,245
2025-06-20T11:11:31.222690,72.107.207.145,/contact,PUT,200,406
2025-06-14T02:12:12.317572,138.44.210.226,/admin,GET,200,283
2025-06-15T19:26:39.777609,154.125.8.74,/assets/logo.png,PUT,500,146
2025-06-04T03:28:56.950442,229.47.241.89,/api/products,PUT,200,167
2025-06-03T15:10:02.965692,115.197.165.80,/contact,DELETE,500,143
2025-06-06T22:10:29.865588,212.53.185.189,/checkout,POST,200,92
2025-06-16T23:52:29.651940,44.180.31.140,/products,PUT,403,209
2025-06-12T06:18:34.146499,138.79.137.34,/products,PUT,200,402
2025-06-22T15:32:16.705268,29.37.59.151,/products,DELETE,302,249
2025-06-17T16:42:06.619616,120.255.52.22,/login,POST,200,163
2025-06-09T19:43:37.212330,144.17.112.41,/cart,POST,200,318
2025-06-20T12:31:56.742989,113.189.183.166,/admin,POST,403,326
2025-06-15T14:50:32.777548,85.186.40.78,/products,GET,200,83
2025-06-08T17:19:19.862986,237.1.47.135,/faq,POST,200,66
2025-06-03T19:48:21.829618,151.116.179.249,/api/products,PUT,500,78
2025-06-13T20:41:36.948418,206.113.150.60,/checkout,GET,200,125
2025-06-19T20:35:33.820878,41.6.70.186,/products,DELETE,404,63
2025-06-14T23:52:18.874036,75.63.100.53,/cart,GET,403,137
2025-06-05T05:45:33.569077,46.226.139.37,/admin,PUT,200,12
2025-06-05T13:58:48.529891,160.86.140.28,/api/order,PUT,200,124
2025-06-12T18:19:00.708578,77.54.156.242,/api/products,GET,404,140
2025-06-18T23:54:15.894507,18.89.149.220,/checkout,DELETE,200,27
2025-06-05T17:25:30.169353,28.54.190.150,/home,GET,200,243
2025-06-13T18:16:09.373634,109.45.66.25,/admin,POST,403,132
2025-06-06T10:49:19.397028,37.185.254.36,/contact,DELETE,200,115
2025-06-11T17:35:05.235549,134.138.112.102,/checkout,GET,403,242
2025-06-17T01:50:12.486532,119.218.161.171,/login,GET,200,111
2025-06-08T06:51:08.228800,60.203.217.82,/admin,GET,200,174
2025-06-04T03:43:15.906752,129.209.29.156,/faq,PUT,500,215
2025-06-15T01:41:18.441618,52.12.164.30,/checkout,GET,404,290
2025-06-06T22:51:05.588732,199.97.105.80,/faq,GET,404,214
2025-06-01T00:49:58.664615,97.211.63.108,/contact,PUT,200,207
2025-06-16T07:53:19.371230,199.71.2.134,/api/products,POST,404,186
2025-06-12T12:04:39.205892,111.198.34.115,/home,PUT,302,180
2025-06-16T05:25:19.858275,219.188.195.3,/api/order,DELETE,500,148
2025-06-12T04:55:43.753216,243.244.195.85,/products,PUT,200,528
2025-06-11T02:30:13.022670,107.88.70.142,/login,GET,200,303
2025-06-01T14:36:40.155480,44.41.155.96,/api/order,GET,404,169
2025-06-16T16:14:07.959448,187.249.225.117,/api/order,DELETE,404,213
2025-06-15T06:30:07.214281,246.116.114.84,/products,GET,500,277
2025-06-18T13:05:08.591149,90.69.186.20,/cart,GET,404,77
2025-06-04T15:24:18.968328,140.80.50.179,/login,DELETE,403,170
2025-06-14T13:36:06.496041,143.163.254.118,/products,PUT,200,326
2025-06-03T18:26:40.381462,92.134.159.220,/faq,PUT,404,285
2025-06-12T06:27:34.191980,211.41.235.26,/cart,DELETE,500,219
2025-06-01T11:57:51.785995,115.47.196.218,/assets/logo.png,PUT,403,237
2025-06-04T22:53:51.839804,73.231.131.59,/cart,POST,302,187
2025-06-18T05:04:54.553635,3.234.240.199,/login,GET,302,174
2025-06-11T11:39:16.919641,213.94.25.237,/api/products,DELETE,500,133
2025-06-07T06:30:46.499253,134.54.158.39,/contact,DELETE,200,276
2025-06-07T11:24:16.356878,57.27.130.224,/api/products,DELETE,302,87
2025-06-20T15:26:53.448919,58.67.70.224,/cart,GET,302,258
2025-06-08T22:24:33.066405,140.160.162.20,/checkout,PUT,403,131
2025-06-08T16:50:24.523981,212.39.206.247,/api/order,POST,500,206
2025-06-17T17:02:40.440105,141.241.242.212,/contact,DELETE,200,260
2025-06-14T07:18:05.863070,188.89.120.20,/home,DELETE,404,10
2025-06-06T21:59:28.419259,197.133.19.114,/assets/logo.png,POST,200,168
2025-06-08T02:12:47.419064,195.209.65.92,/api/order,DELETE,200,202
2025-06-13T00:25:11.840929,169.175.81.205,/contact,PUT,200,117
2025-06-13T22:43:52.416243,54.234.186.35,/cart,GET,200,174
2025-06-04T18:57:17.126017,162.67.214.147,/faq,POST,500,156
2025-06-22T02:56:19.667410,251.227.175.55,/contact,GET,403,300
2025-06-05T19:37:15.624126,202.137.101.248,/faq,PUT,403,69
2025-06-04T16:40:43.576543,126.227.136.241,/checkout,GET,500,107
2025-06-07T05:21:17.764907,225.72.153.227,/api/products,PUT,404,253
2025-06-11T07:17:00.319787,172.109.12.187,/admin,DELETE,200,347
2025-06-03T09:56:56.297221,233.78.233.48,/checkout,POST,500,165
2025-06-08T06:01:47.790813,55.85.72.255,/api/order,GET,200,194
2025-06-10T16:52:04.708448,133.69.152.161,/faq,PUT,200,200
2025-06-10T08:06:36.396969,205.201.7.137,/cart,POST,200,174
2025-06-08T03:07:30.414173,32.47.54.249,/api/products,GET,404,116
2025-06-19T06:55:16.697750,196.228.36.54,/cart,POST,500,10
2025-06-06T04:45:39.617232,178.167.73.62,/cart,POST,403,155
2025-06-18T18:42:12.518757,159.252.163.128,/checkout,DELETE,200,55
2025-06-17T11:42:57.019363,33.255.98.133,/admin,PUT,302,177
2025-06-12T22:56:28.746148,182.13.67.76,/login,DELETE,200,257
2025-06-09T11:40:05.535433,111.164.173.137,/contact,PUT,200,165
2025-06-03T14:29:22.476815,9.56.147.18,/api/products,DELETE,200,106
2025-06-02T19:52:49.589703,15.56.173.106,/contact,DELETE,200,157
2025-06-12T00:58:38.678381,233.196.115.247,/products,POST,403,312
2025-06-21T21:53:32.973721,29.23.255.165,/faq,PUT,200,10
2025-06-03T11:31:45.342309,238.149.171.219,/contact,POST,404,250
2025-06-03T06:53:00.263834,120.218.211.132,/products,DELETE,200,11
2025-06-14T17:25:04.941457,61.65.204.29,/admin,DELETE,302,306
2025-06-17T04:31:25.346516,190.161.183.170,/cart,PUT,200,274
2025-06-03T14:18:03.570343,124.154.143.77,/api/order,GET,302,137
2025-06-17T06:52:50.711467,169.144.161.94,/assets/logo.png,POST,200,10
2025-06-11T13:35:29.330073,19.73.252.151,/faq,GET,200,170
2025-06-12T23:53:21.772111,201.60.2.36,/contact,DELETE,500,251
2025-06-21T09:42:24.952462,206.91.231.26,/api/order,DELETE,500,67
2025-06-08T18:36:05.312484,229.205.133.224,/products,GET,200,291
2025-06-10T22:09:31.760491,196.189.246.24,/contact,PUT,200,142
2025-06-13T05:23:41.738690,198.26.127.68,/products,GET,500,264
2025-06-15T12:37:36.022897,145.172.192.147,/checkout,PUT,200,174
2025-06-11T12:44:32.644756,68.46.227.196,/cart,POST,200,94
2025-06-03T00:16:05.623065,93.208.245.218,/checkout,POST,200,204
2025-06-20T18:57:38.934962,39.30.125.221,/home,PUT,200,333
2025-06-13T00:28:53.039436,97.100.80.237,/api/order,POST,403,294
2025-06-11T05:22:49.487457,27.40.35.174,/admin,DELETE,403,283
2025-06-22T05:02:36.408944,156.33.208.162,/contact,POST,500,269
2025-06-03T13:10:40.765425,200.79.251.60,/api/products,GET,200,10
2025-06-06T19:34:25.700526,98.112.247.88,/api/order,PUT,200,308
2025-06-16T16:53:49.901686,134.43.216.223,/checkout,GET,404,192
2025-06-17T02:39:33.756140,26.238.69.57,/assets/logo.png,PUT,200,182
2025-06-03T16:19:52.430190,38.240.160.52,/home,PUT,200,267
2025-06-20T21:57:51.373887,84.253.43.27,/api/order,GET,404,383
2025-06-16T02:24:22.761206,242.219.5.115,/login,POST,200,211
2025-06-17T23:40:47.623530,200.73.82.159,/products,POST,403,225
2025-06-17T05:33:34.579609,236.201.225.76,/assets/logo.png,GET,200,71
2025-06-05T23:50:25.211980,236.27.38.97,/products,DELETE,404,247
2025-06-17T18:39:32.263556,163.227.221.52,/checkout,POST,200,10
2025-06-12T00:14:58.599891,239.62.175.75,/contact,DELETE,200,129
2025-06-19T20:30:11.143653,202.193.190.214,/home,DELETE,403,509
2025-06-10T05:55:42.321287,142.187.172.154,/cart,PUT,200,225
2025-06-15T04:40:15.231988,250.146.67.20,/admin,GET,200,203
2025-06-01T23:44:59.652583,106.52.92.108,/admin,GET,200,115
2025-06-13T00:04:34.441395,65.215.95.87,/cart,POST,404,465
2025-06-12T19:47:54.653728,23.83.38.157,/admin,PUT,302,172
2025-06-17T13:25:28.346906,57.113.238.253,/home,PUT,200,370
2025-06-19T10:30:33.209804,92.124.36.215,/faq,GET,200,308
2025-06-18T11:05:39.120621,253.77.86.87,/cart,GET,200,311
2025-06-12T15:00:45.052340,97.166.90.216,/home,DELETE,302,370
2025-06-19T09:23:23.762159,223.106.29.248,/products,DELETE,403,321
2025-06-17T10:13:55.377514,102.201.9.39,/home,GET,302,244
2025-06-18T01:34:07.110778,88.178.164.81,/checkout,GET,403,192
2025-06-20T10:25:12.759089,226.227.124.154,/assets/logo.png,GET,404,214
2025-06-03T14:00:46.887936,76.26.31.110,/cart,PUT,500,268
2025-06-17T23:07:41.139310,43.117.60.173,/products,PUT,200,154
2025-06-06T22:40:31.620009,165.31.183.216,/faq,GET,403,111
2025-06-11T04:33:08.196125,172.213.5.154,/home,PUT,200,237
2025-06-09T03:13:14.709081,50.132.70.27,/products,PUT,404,215
2025-06-08T21:02:53.908563,55.208.144.111,/api/order,POST,403,172
2025-06-21T07:05:43.235938,233.16.98.118,/admin,PUT,200,236
2025-06-05T04:41:47.959106,122.219.80.194,/api/order,DELETE,404,112
2025-06-22T23:40:21.438301,105.162.51.229,/login,POST,200,243
2025-06-02T14:11:27.379130,97.133.40.21,/api/order,GET,500,244
2025-06-14T13:22:46.393272,205.173.76.212,/cart,PUT,404,254
2025-06-19T15:53:07.233451,202.215.253.146,/admin,POST,500,308
2025-06-05T08:40:15.398259,241.78.90.174,/checkout,DELETE,302,99
2025-06-03T09:27:26.326715,131.48.69.134,/faq,DELETE,403,164
2025-06-14T11:53:44.321753,40.157.88.33,/login,POST,403,188
2025-06-08T14:24:32.694077,132.177.67.160,/products,PUT,404,159
2025-06-22T15:09:53.272115,123.54.166.76,/contact,GET,302,208
2025-06-21T23:32:20.330080,32.55.5.146,/contact,GET,500,383
2025-06-10T09:11:26.344397,36.248.98.224,/api/order,DELETE,404,309
2025-06-22T14:57:33.772476,9.35.115.19,/contact,POST,404,48
2025-06-11T16:48:42.154988,47.30.217.116,/admin,PUT,500,158
2025-06-04T19:19:06.990372,108.110.239.164,/products,POST,200,277
2025-06-10T19:38:44.513886,105.79.25.194,/api/order,GET,200,335
2025-06-22T02:33:35.657351,215.75.159.53,/api/products,DELETE,500,255
2025-06-08T07:22:08.866169,99.238.168.143,/login,GET,200,125
2025-06-18T08:01:34.635493,142.132.254.198,/checkout,POST,200,196
2025-06-14T23:04:51.100480,99.60.105.186,/login,PUT,200,88
2025-06-07T05:49:37.896919,47.217.112.245,/admin,GET,404,143
2025-06-12T04:49:12.914631,124.35.235.23,/contact,PUT,200,345
2025-06-15T15:02:30.182823,182.65.154.2,/api/order,POST,200,78
2025-06-20T06:12:26.567855,51.100.126.148,/login,POST,200,56
2025-06-21T11:40:27.564213,155.151.153.16,/api/order,PUT,404,243
2025-06-20T17:45:59.735073,224.72.97.143,/api/products,DELETE,200,346
2025-06-19T21:52:08.621456,159.54.213.242,/admin,PUT,302,238
2025-06-15T10:51:51.498308,157.70.245.112,/checkout,PUT,403,176
2025-06-04T07:45:51.617863,128.113.122.80,/admin,GET,302,373
2025-06-20T02:37:04.226068,128.209.98.109,/admin,POST,200,364
2025-06-18T01:49:12.512753,39.72.62.195,/assets/logo.png,DELETE,200,53
2025-06-02T19:20:21.877002,184.215.76.107,/assets/logo.png,DELETE,200,169
2025-06-16T06:33:36.937901,139.111.142.244,/cart,PUT,302,283
2025-06-16T11:57:25.102511,0.229.103.58,/products,DELETE,500,293
2025-06-10T18:17:26.246871,180.162.232.172,/login,GET,200,261
2025-06-11T22:41:55.383073,169.175.189.111,/assets/logo.png,DELETE,404,177
2025-06-05T18:46:23.360543,136.56.45.3,/api/order,POST,500,112
2025-06-13T11:02:26.106559,140.126.144.132,/home,POST,404,82
2025-06-17T04:28:28.359674,234.253.239.204,/contact,DELETE,200,337
2025-06-07T01:47:27.784268,176.148.54.160,/cart,PUT,200,217
2025-06-19T19:00:08.694112,7.122.207.4,/faq,POST,500,273
2025-06-11T15:27:19.550158,51.242.176.90,/checkout,POST,200,153
2025-06-09T09:14:30.206743,100.133.166.174,/contact,POST,500,120
2025-06-21T19:29:44.622877,42.7.238.209,/assets/logo.png,POST,200,184
2025-06-05T14:36:03.699697,252.49.89.173,/cart,DELETE,200,236
2025-06-15T13:51:48.350143,11.1.248.197,/api/products,DELETE,200,288
2025-06-14T15:38:18.572286,114.161.153.54,/contact,PUT,200,288
2025-06-19T21:31:38.008911,21.67.206.140,/api/products,POST,404,171
2025-06-01T05:52:06.321422,12.147.31.186,/api/order,PUT,404,343
2025-06-09T17:02:15.780384,101.228.192.102,/contact,PUT,403,292
2025-06-22T17:18:52.668826,31.243.17.32,/contact,DELETE,200,352
2025-06-02T13:37:21.690952,49.75.95.47,/admin,GET,500,420
2025-06-05T22:49:27.651169,175.88.228.138,/assets/logo.png,DELETE,200,272
2025-06-14T14:41:38.467454,222.176.240.26,/admin,PUT,200,172
2025-06-14T04:46:37.174678,91.201.22.27,/home,POST,404,180
2025-06-20T13:25:51.906960,118.198.120.230,/api/products,DELETE,302,80
2025-06-01T20:40:20.968034,137.151.215.74,/faq,GET,200,101
2025-06-16T13:33:00.296173,19.5.136.82,/assets/logo.png,DELETE,500,116
2025-06-12T17:54:02.065648,69.100.121.214,/api/products,DELETE,404,260
2025-06-05T21:10:39.810416,57.185.29.42,/contact,GET,403,383
2025-06-16T22:12:21.407900,136.127.29.216,/faq,POST,500,95
2025-06-22T04:02:09.611086,228.11.192.15,/assets/logo.png,PUT,500,175
2025-06-08T11:23:46.806935,215.0.48.176,/admin,GET,200,197
2025-06-09T06:11:55.463031,138.64.93.170,/cart,PUT,403,207
2025-06-09T09:02:58.964803,227.131.66.89,/api/products,PUT,302,112
2025-06-22T04:28:27.571710,231.55.233.242,/login,GET,302,223
2025-06-02T00:20:56.588722,169.217.245.152,/login,POST,200,401
2025-06-16T04:47:49.443367,240.158.150.248,/assets/logo.png,GET,500,213
2025-06-18T02:42:39.203600,27.13.255.214,/products,POST,403,10
2025-06-11T03:00:31.941670,26.113.233.18,/admin,PUT,200,232
2025-06-11T13:45:20.974073,43.126.80.132,/contact,GET,500,344
2025-06-05T12:15:32.617289,186.134.185.192,/cart,PUT,200,121
2025-06-04T13:16:44.805353,17.53.27.232,/contact,POST,200,187
2025-06-13T15:43:06.571754,132.89.129.202,/home,GET,200,227
2025-06-06T09:49:26.291226,51.38.120.49,/home,GET,200,228
2025-06-02T01:50:43.482969,46.135.249.126,/login,POST,302,157
2025-06-16T13:15:19.156766,4.154.79.200,/checkout,POST,404,10
2025-06-19T15:31:57.692178,106.17.88.59,/faq,GET,403,243
2025-06-08T19:15:08.367442,110.235.125.153,/cart,DELETE,200,220
2025-06-13T19:33:53.524170,248.225.12.235,/login,DELETE,403,217
2025-06-17T10:05:30.180050,196.251.145.185,/faq,DELETE,500,232
2025-06-21T08:44:43.271945,127.155.27.124,/api/products,PUT,200,152
2025-06-07T00:52:46.390448,46.180.23.168,/faq,PUT,200,162
2025-06-12T07:22:18.731383,253.124.11.34,/login,GET,200,357
2025-06-09T08:10:20.603710,223.158.207.221,/admin,GET,200,210
2025-06-02T22:46:35.815429,0.184.155.172,/cart,PUT,403,231
2025-06-10T14:37:35.725630,253.60.56.117,/admin,POST,302,219
2025-06-05T23:43:02.274164,33.96.109.180,/cart,POST,500,33
2025-06-09T22:55:21.383442,171.227.252.82,/login,DELETE,200,92
2025-06-18T04:37:39.593536,95.35.86.243,/login,PUT,404,419
2025-06-12T14:49:30.534003,223.86.68.12,/login,GET,403,327
2025-06-09T09:54:03.120489,178.169.129.144,/contact,GET,404,247
2025-06-13T01:10:02.483056,217.130.30.188,/cart,POST,200,220
2025-06-03T09:45:30.620975,108.246.193.29,/login,PUT,500,300
2025-06-11T08:40:38.329280,6.210.176.52,/contact,POST,302,14
2025-06-21T01:17:45.516207,47.42.56.133,/assets/logo.png,DELETE,404,160
2025-06-05T18:36:14.917826,126.146.39.69,/admin,GET,200,134
2025-06-15T23:29:13.715030,145.4.229.23,/home,DELETE,302,252
2025-06-08T20:37:44.193048,64.223.214.244,/admin,POST,200,246
2025-06-02T00:04:03.039927,203.127.61.196,/cart,PUT,200,156
2025-06-14T00:38:09.165930,116.10.247.151,/assets/logo.png,DELETE,200,186
2025-06-22T06:15:12.450253,33.32.28.163,/api/products,POST,403,268
2025-06-08T11:36:47.230247,5.84.251.94,/checkout,PUT,200,164
2025-06-16T14:53:51.411017,248.1.222.11,/products,GET,200,148
2025-06-14T12:27:29.840420,87.149.126.121,/api/products,DELETE,200,115
2025-06-09T14:26:44.379824,228.46.234.211,/products,PUT,200,209
2025-06-21T19:20:09.545472,68.160.185.140,/api/order,POST,200,173
2025-06-08T09:59:23.218392,244.50.176.56,/contact,PUT,403,142
2025-06-06T23:20:05.486720,109.213.24.196,/assets/logo.png,GET,200,48
2025-06-04T09:45:39.371551,6.205.242.180,/cart,PUT,404,241
2025-06-19T19:57:04.488535,113.253.6.135,/faq,PUT,500,246
2025-06-14T14:51:37.303403,49.70.248.232,/checkout,DELETE,500,142
2025-06-01T12:58:36.038722,84.220.179.167,/home,POST,500,259
2025-06-08T20:43:16.614465,21.198.244.240,/api/products,POST,302,264
2025-06-21T02:44:49.119043,110.191.75.189,/api/order,GET,403,96
2025-06-11T00:57:27.208757,190.27.161.1,/contact,DELETE,200,198
2025-06-05T01:59:07.531161,93.231.97.139,/admin,DELETE,200,290
2025-06-15T07:21:00.223608,182.198.111.9,/api/products,GET,200,215
2025-06-10T00:39:16.338588,238.82.117.183,/login,PUT,404,77
2025-06-16T03:35:50.053094,105.66.140.167,/home,POST,200,82
2025-06-02T23:23:44.630883,129.70.9.93,/api/order,POST,403,115
2025-06-06T08:52:33.103158,214.96.160.6,/login,DELETE,403,294
2025-06-12T05:58:23.810511,157.123.201.216,/contact,POST,200,338
2025-06-05T13:06:22.382198,149.77.167.87,/login,POST,404,109
2025-06-06T20:28:02.552202,49.248.251.42,/api/products,POST,302,148
2025-06-03T20:22:13.145477,23.219.246.124,/cart,POST,200,315
2025-06-07T05:25:51.403846,173.120.183.140,/admin,PUT,302,346
2025-06-13T14:51:46.737681,89.202.242.224,/admin,DELETE,404,288
2025-06-15T18:05:52.405023,98.60.221.132,/contact,GET,403,68
2025-06-15T15:21:49.820659,201.108.184.25,/faq,GET,500,301
2025-06-12T02:55:59.507861,27.247.26.142,/api/order,GET,200,204
2025-06-06T01:47:57.608477,14.168.210.166,/checkout,POST,403,304
2025-06-06T08:20:15.400487,243.6.129.218,/home,GET,404,354
2025-06-01T10:09:58.182823,75.66.52.106,/api/products,POST,404,90
2025-06-06T20:16:16.466977,155.160.237.25,/api/order,DELETE,200,271
2025-06-09T02:40:08.905280,121.63.188.103,/checkout,DELETE,200,165
2025-06-08T09:34:54.989238,59.107.224.11,/contact,GET,200,82
2025-06-03T12:52:25.413524,98.31.143.130,/api/order,DELETE,404,74
2025-06-22T11:37:11.462174,65.207.151.82,/login,PUT,200,278
2025-06-18T02:04:40.766611,157.208.132.127,/api/products,POST,500,188
2025-06-01T04:06:58.841872,204.140.45.64,/home,PUT,200,410
2025-06-14T01:16:27.007138,19.112.155.98,/contact,POST,403,175
2025-06-04T10:29:08.615572,224.88.88.129,/login,PUT,200,146
2025-06-04T09:20:12.147934,54.117.201.85,/assets/logo.png,PUT,302,292
2025-06-05T12:38:17.065444,41.129.105.65,/login,DELETE,200,219
2025-06-16T02:10:14.313909,30.146.223.222,/home,PUT,403,230
2025-06-01T21:24:11.991469,82.223.174.13,/assets/logo.png,GET,404,325
2025-06-12T19:47:04.287047,37.46.157.152,/login,DELETE,404,157
2025-06-21T15:03:22.545033,8.87.105.232,/login,PUT,500,10
2025-06-08T20:01:44.389678,28.118.92.1,/api/order,POST,404,105
2025-06-02T13:49:33.360741,131.153.90.67,/assets/logo.png,DELETE,302,10
2025-06-07T11:32:43.382245,120.125.27.115,/api/products,PUT,500,302
2025-06-10T15:01:13.793932,179.125.229.226,/contact,GET,200,268
2025-06-14T15:36:54.210792,132.165.55.239,/home,POST,200,190
2025-06-07T05:34:37.056474,10.18.207.92,/home,DELETE,200,167
2025-06-09T20:26:36.945785,246.188.164.160,/login,GET,200,230
2025-06-13T04:00:25.155277,253.57.242.5,/contact,PUT,302,211
2025-06-02T04:49:31.435830,25.21.29.41,/home,POST,200,201
2025-06-20T02:16:33.055233,24.153.198.40,/home,POST,200,209
2025-06-04T10:01:05.454621,157.158.37.92,/cart,PUT,500,25
2025-06-07T06:41:13.000199,241.195.178.200,/api/products,POST,404,227
2025-06-20T14:10:22.833776,68.84.2.211,/admin,DELETE,403,311
2025-06-06T20:51:30.062845,146.45.96.57,/api/products,PUT,403,267
2025-06-16T06:08:44.385376,193.169.1.154,/api/order,POST,403,68
2025-06-06T04:41:47.399246,207.252.225.78,/cart,DELETE,200,187
2025-06-21T09:54:15.710236,104.86.59.26,/faq,POST,200,122
2025-06-10T08:22:37.450694,249.64.198.73,/products,GET,200,376
2025-06-12T05:24:04.814080,198.118.26.213,/admin,DELETE,500,275
2025-06-15T06:38:39.921920,151.17.154.0,/api/products,GET,302,198
2025-06-06T13:41:59.783021,23.219.151.213,/login,POST,200,95
2025-06-04T07:22:23.151719,101.31.54.133,/api/products,DELETE,302,432
2025-06-19T15:51:09.978142,86.83.69.61,/cart,DELETE,200,10
2025-06-05T10:29:02.345234,242.0.83.119,/login,DELETE,200,211
2025-06-08T16:08:26.125724,73.14.120.17,/api/order,POST,403,339
2025-06-05T02:19:42.587735,36.145.149.186,/admin,POST,200,192
2025-06-10T10:03:49.032305,189.131.56.104,/api/products,POST,403,190
2025-06-01T02:40:09.072788,194.192.185.212,/cart,POST,302,264
2025-06-21T05:03:10.196739,146.209.103.187,/assets/logo.png,GET,302,219
2025-06-06T17:29:39.718381,193.193.18.31,/faq,PUT,200,233
2025-06-21T14:19:56.167987,100.76.104.151,/faq,DELETE,403,156
2025-06-13T08:10:34.537347,186.183.33.224,/cart,DELETE,500,358
2025-06-21T11:01:59.068701,155.111.3.203,/home,DELETE,200,61
2025-06-20T04:53:21.938916,190.160.180.207,/contact,GET,200,220
2025-06-19T19:55:13.425886,121.121.171.68,/api/order,PUT,404,230
2025-06-03T20:25:22.639940,195.44.95.196,/home,POST,500,319
2025-06-15T22:51:13.713110,11.113.123.129,/faq,POST,500,315
2025-06-17T15:16:30.098790,196.85.71.200,/api/order,DELETE,302,324
2025-06-01T10:19:31.854486,255.83.52.239,/api/products,DELETE,200,227
2025-06-20T08:49:50.141212,152.253.90.115,/cart,DELETE,302,54
2025-06-08T20:17:07.049450,18.57.78.146,/products,PUT,404,90
2025-06-19T02:31:50.989315,85.196.124.17,/contact,GET,404,298
2025-06-04T19:19:17.886540,83.211.199.249,/home,GET,302,166
2025-06-13T16:52:20.595164,119.222.212.229,/checkout,PUT,200,217
2025-06-09T05:21:46.103223,240.97.57.84,/faq,PUT,200,303
2025-06-06T20:55:40.695289,110.209.98.236,/faq,GET,200,283
2025-06-21T17:18:43.649417,166.164.208.85,/home,DELETE,500,173
2025-06-20T02:39:54.129579,99.95.79.250,/faq,PUT,200,223
2025-06-02T12:27:44.549275,68.209.178.181,/admin,GET,403,322
2025-06-07T15:12:26.992476,65.118.114.243,/api/products,GET,200,145
2025-06-12T20:33:01.631680,76.245.73.205,/login,GET,200,274
2025-06-07T18:00:31.380309,87.27.231.164,/checkout,PUT,200,72
2025-06-18T01:41:54.159946,211.202.135.96,/api/order,PUT,200,240
2025-06-18T15:08:46.367168,23.90.126.202,/cart,DELETE,200,18
2025-06-11T20:47:20.579498,83.79.118.40,/checkout,GET,200,102
2025-06-15T09:25:23.919973,152.3.180.19,/products,GET,302,209
2025-06-16T04:44:28.821387,127.8.68.85,/login,PUT,302,91
2025-06-13T01:37:46.250178,31.133.204.179,/home,POST,200,95
2025-06-08T15:42:01.210999,166.74.134.3,/contact,GET,302,445
2025-06-06T18:02:58.416423,55.88.62.76,/home,GET,404,85
2025-06-20T10:37:39.308951,60.128.54.199,/contact,PUT,302,360
2025-06-12T19:59:04.211507,44.86.40.77,/login,POST,500,10
2025-06-02T00:02:15.395120,4.216.186.32,/api/order,POST,302,177
2025-06-08T18:47:28.180953,223.32.67.111,/login,PUT,302,10
2025-06-02T23:17:21.304578,66.9.74.23,/contact,PUT,200,229
2025-06-08T19:16:37.843157,178.142.140.47,/cart,POST,404,156
2025-06-05T18:46:55.817644,130.251.227.129,/api/order,POST,200,184
2025-06-20T01:38:15.753802,39.174.202.102,/checkout,GET,200,303
2025-06-11T16:29:33.603803,3.87.98.83,/assets/logo.png,POST,200,190
2025-06-20T02:10:11.922387,4.213.84.33,/checkout,POST,302,137
2025-06-18T21:15:43.461405,113.112.17.207,/products,PUT,500,119
2025-06-17T16:15:49.141252,61.222.52.207,/faq,GET,404,258
2025-06-15T06:03:40.900203,168.116.108.159,/cart,POST,404,327
2025-06-21T22:25:17.911144,7.62.85.206,/home,POST,200,313
2025-06-05T23:30:37.795902,120.220.185.242,/checkout,GET,403,215
2025-06-11T00:10:33.375816,146.7.109.249,/contact,POST,500,213
2025-06-04T11:35:44.766733,53.28.171.85,/api/order,DELETE,200,202
2025-06-01T02:03:21.739592,140.44.13.189,/admin,GET,403,203
2025-06-18T03:58:48.691841,173.105.192.143,/checkout,GET,302,370
2025-06-08T04:52:15.801898,58.162.100.47,/api/products,DELETE,302,283
2025-06-05T23:01:04.659029,18.81.181.198,/faq,DELETE,200,111
2025-06-07T18:13:52.659940,68.232.141.2,/login,POST,404,264
2025-06-02T01:19:15.560791,179.17.76.152,/cart,PUT,302,153
2025-06-08T16:19:45.972013,2.119.52.250,/home,PUT,302,114
2025-06-10T21:14:13.908594,237.129.107.4,/checkout,GET,500,157
2025-06-07T23:34:18.383674,170.70.46.72,/assets/logo.png,POST,404,184
2025-06-04T06:22:17.900863,107.129.181.7,/faq,DELETE,200,410
2025-06-16T17:32:21.406818,168.224.156.149,/checkout,PUT,302,109
2025-06-18T15:49:13.779121,69.29.187.175,/api/products,GET,200,152
2025-06-05T21:33:45.062899,97.245.147.110,/home,DELETE,200,233
2025-06-12T09:00:52.126354,83.248.59.191,/login,DELETE,404,36
2025-06-11T13:28:07.487648,196.146.141.225,/login,GET,404,249
2025-06-19T15:37:08.502587,21.55.35.208,/cart,POST,200,277
2025-06-17T12:03:52.023203,124.133.55.163,/home,DELETE,403,320
2025-06-22T07:01:36.432241,215.131.21.190,/login,DELETE,404,216
2025-06-12T12:12:28.814560,188.62.108.177,/cart,PUT,200,145
2025-06-03T10:32:14.644882,86.161.200.66,/products,POST,500,238
2025-06-04T14:52:24.116455,83.110.211.239,/products,PUT,200,108
2025-06-17T04:16:30.496931,113.79.120.1,/api/products,POST,200,250
2025-06-13T00:56:00.839705,253.76.244.8,/checkout,GET,500,191
2025-06-09T19:35:55.327658,42.30.29.180,/cart,GET,302,403
2025-06-22T13:19:44.322928,124.111.130.250,/api/order,DELETE,404,128
2025-06-06T07:34:54.811786,49.243.191.32,/products,DELETE,404,90
2025-06-20T09:47:01.187161,214.183.64.143,/assets/logo.png,DELETE,403,401
2025-06-21T02:03:43.901301,120.140.136.213,/cart,GET,403,181
2025-06-21T15:58:31.206015,173.209.204.210,/contact,PUT,200,12
2025-06-06T15:38:50.868476,87.193.99.27,/admin,PUT,404,192
2025-06-17T15:52:08.658868,75.91.114.86,/assets/logo.png,PUT,200,63
2025-06-17T13:12:21.910407,201.89.247.9,/home,PUT,500,246
2025-06-12T05:23:56.816972,152.18.98.43,/assets/logo.png,DELETE,404,299
2025-06-14T01:56:24.195112,202.253.93.13,/products,DELETE,200,208
2025-06-02T05:20:22.315266,12.73.118.44,/products,GET,302,240
2025-06-15T03:52:34.825538,80.71.49.245,/api/order,DELETE,200,273
2025-06-14T11:41:01.508666,154.32.46.242,/products,DELETE,500,270
2025-06-21T05:06:08.987602,202.113.172.107,/login,GET,200,200
2025-06-05T16:11:11.810148,77.56.20.95,/admin,PUT,404,28
2025-06-15T15:39:30.557327,131.185.118.203,/faq,DELETE,302,220
2025-06-04T09:23:27.738669,15.117.117.191,/admin,POST,302,125
2025-06-08T04:32:52.140983,168.127.233.89,/admin,POST,500,202
2025-06-15T07:04:31.563370,216.69.207.209,/faq,PUT,404,158
2025-06-22T11:32:31.414012,176.149.136.242,/contact,PUT,200,222
2025-06-20T19:51:48.414242,212.24.232.253,/checkout,DELETE,403,366
2025-06-17T23:42:22.922848,226.17.91.231,/products,GET,200,195
2025-06-13T05:11:44.058229,28.183.74.40,/api/order,DELETE,500,346
2025-06-05T10:01:27.853221,233.181.92.211,/home,DELETE,403,76
2025-06-01T06:29:50.896487,38.185.18.19,/checkout,GET,302,10
2025-06-14T18:12:51.257708,223.229.255.146,/contact,DELETE,403,197
2025-06-13T17:31:24.430389,87.77.38.33,/cart,POST,200,371
2025-06-11T01:30:16.674388,123.9.104.66,/products,PUT,404,274
2025-06-06T19:47:21.882377,201.144.96.46,/api/order,PUT,200,271
2025-06-04T21:29:06.827435,105.253.216.84,/api/order,DELETE,302,280
2025-06-17T19:32:06.204471,103.186.82.242,/login,POST,403,237
2025-06-16T20:16:59.580057,250.235.231.66,/login,GET,200,205
2025-06-04T00:45:03.545356,94.246.71.137,/login,DELETE,200,201
2025-06-12T01:32:40.331081,96.177.163.127,/contact,DELETE,500,142
2025-06-13T01:01:58.657011,70.121.158.228,/contact,GET,404,198
2025-06-15T22:11:36.683126,226.22.139.204,/contact,GET,500,127
2025-06-09T17:48:03.419279,139.89.140.111,/assets/logo.png,POST,302,244
2025-06-10T00:23:39.425258,27.105.44.251,/api/order,DELETE,302,207
2025-06-13T15:17:12.242088,39.162.239.171,/login,DELETE,404,208
2025-06-20T10:47:06.079284,134.10.136.154,/checkout,POST,200,236
2025-06-10T00:00:10.301367,149.18.249.59,/api/order,POST,200,191
2025-06-13T09:19:36.755797,18.181.29.252,/api/products,GET,200,206
2025-06-03T03:13:42.580800,151.87.128.244,/api/order,PUT,403,83
2025-06-14T15:29:29.914127,171.11.226.157,/checkout,GET,200,155
2025-06-20T02:13:16.821532,91.227.212.252,/assets/logo.png,POST,403,186
2025-06-05T19:12:39.527887,195.159.254.226,/api/products,GET,404,242
2025-06-05T23:21:46.703743,10.174.83.228,/checkout,POST,403,271
2025-06-17T14:31:13.813339,61.135.133.77,/login,DELETE,403,395
2025-06-03T15:23:36.926402,171.139.159.113,/admin,POST,200,206
2025-06-10T10:08:24.776793,46.225.143.112,/api/products,GET,200,193
2025-06-03T08:57:01.048315,175.91.157.198,/api/products,PUT,200,258
2025-06-09T22:44:37.978933,12.71.178.26,/contact,POST,403,161
2025-06-22T22:52:31.398160,234.197.212.38,/cart,POST,404,174
2025-06-16T20:14:21.016686,176.107.0.185,/admin,DELETE,302,325
2025-06-18T15:01:19.245454,200.49.99.122,/checkout,DELETE,500,87
2025-06-06T10:20:22.830623,126.10.212.223,/assets/logo.png,PUT,404,251
2025-06-13T14:46:50.132506,117.129.0.84,/login,POST,403,93
2025-06-10T19:23:10.367904,112.206.255.243,/api/products,POST,200,304
2025-06-17T21:05:31.481627,224.203.24.31,/login,GET,302,175
2025-06-16T05:48:47.086068,53.52.44.104,/api/order,GET,200,143
2025-06-08T16:44:38.564297,250.253.56.10,/login,PUT,500,303
2025-06-02T10:34:00.802152,181.141.85.203,/cart,PUT,404,187
2025-06-21T11:30:55.828974,214.76.37.159,/products,POST,302,164
2025-06-13T09:22:50.614759,122.124.235.30,/admin,POST,403,114
2025-06-20T19:17:34.984517,138.20.144.187,/login,POST,302,260
2025-06-09T00:49:41.047372,254.255.133.50,/faq,POST,302,210
2025-06-01T11:11:53.516405,79.19.58.97,/products,POST,200,154
2025-06-09T09:29:19.705056,119.246.180.93,/home,POST,200,278
2025-06-12T14:30:58.642023,73.77.28.181,/products,DELETE,200,159
2025-06-06T05:25:44.434241,226.133.6.97,/login,GET,200,227
2025-06-12T01:58:33.090947,171.172.51.250,/cart,DELETE,500,264
2025-06-12T06:09:00.227221,24.105.139.98,/home,GET,302,135
2025-06-02T04:43:29.174247,74.34.217.163,/home,DELETE,200,307
2025-06-18T22:12:03.710417,152.116.30.29,/checkout,GET,200,133
2025-06-01T06:59:06.163411,97.129.109.170,/contact,DELETE,200,287
2025-06-07T08:14:30.274617,1.150.133.211,/home,DELETE,200,10
2025-06-07T15:32:34.474196,253.250.192.210,/assets/logo.png,DELETE,200,245
2025-06-02T16:22:50.957737,70.116.249.154,/checkout,GET,500,115
2025-06-20T23:55:22.409618,130.17.103.193,/login,PUT,500,250
2025-06-16T02:44:31.433163,143.249.220.174,/checkout,POST,200,118
2025-06-10T13:01:39.279503,131.33.170.20,/login,DELETE,404,127
2025-06-21T18:08:10.853886,157.176.110.107,/cart,PUT,200,229
2025-06-01T06:37:45.460045,80.143.141.250,/home,PUT,200,117
2025-06-06T17:52:31.015169,63.14.55.212,/home,GET,200,166
2025-06-19T13:16:49.305580,250.244.25.237,/login,POST,404,247
2025-06-05T00:22:15.424930,25.107.168.145,/api/order,DELETE,200,159
2025-06-22T23:06:38.629335,110.244.79.231,/assets/logo.png,POST,200,222
2025-06-19T00:59:07.512185,102.6.237.8,/login,DELETE,200,134
2025-06-17T14:52:34.383477,140.139.80.43,/api/products,PUT,200,292
2025-06-17T16:02:37.542310,124.235.116.16,/products,GET,404,104
2025-06-22T21:43:16.273681,233.26.0.67,/api/products,POST,200,177
2025-06-19T03:07:43.153930,5.7.153.45,/faq,PUT,500,178
2025-06-04T05:37:59.000296,125.62.83.205,/contact,GET,200,200
2025-06-04T09:27:51.367880,62.135.23.218,/checkout,GET,404,156
2025-06-20T19:15:43.537865,200.254.99.133,/admin,PUT,200,253
2025-06-15T05:51:12.139073,138.238.50.135,/assets/logo.png,DELETE,403,250
2025-06-02T05:23:20.340086,116.146.75.176,/faq,PUT,403,191
2025-06-07T18:27:08.658740,229.77.243.245,/products,PUT,200,44
2025-06-09T22:02:54.385354,107.183.66.127,/checkout,DELETE,200,212
2025-06-21T09:50:38.668497,96.18.195.22,/cart,PUT,200,303
2025-06-04T17:33:28.913509,43.233.137.86,/checkout,POST,403,45
2025-06-15T05:30:57.185644,141.192.103.31,/assets/logo.png,GET,500,210
2025-06-12T22:27:52.433450,190.61.185.68,/checkout,POST,200,57
2025-06-20T10:45:24.155697,166.177.72.253,/api/products,DELETE,403,99
2025-06-06T10:27:35.201633,29.108.150.213,/contact,POST,403,293
2025-06-13T10:37:45.132891,45.219.2.233,/login,PUT,200,229
2025-06-07T19:38:41.344485,147.137.75.204,/login,DELETE,200,428
2025-06-21T09:51:44.796135,64.237.177.82,/admin,POST,404,297
2025-06-05T13:11:31.527081,163.194.143.10,/contact,PUT,302,157
2025-06-21T13:48:43.780932,255.235.52.10,/api/order,POST,200,162
2025-06-09T19:10:44.102200,2.80.208.185,/api/products,POST,404,405
2025-06-05T03:06:48.469357,231.168.148.12,/cart,POST,200,143
2025-06-19T06:47:40.099555,166.44.70.125,/login,POST,403,196
2025-06-03T04:38:44.977962,141.91.244.43,/api/products,POST,200,184
2025-06-20T17:35:53.808701,31.203.223.109,/home,GET,500,152
2025-06-21T04:58:12.511839,218.61.31.24,/contact,POST,404,137
2025-06-12T11:37:47.914096,242.214.255.199,/home,GET,200,229
2025-06-03T00:35:59.544546,171.5.127.222,/cart,GET,500,146
2025-06-04T05:52:05.621315,24.194.217.231,/api/order,POST,403,248
2025-06-03T03:51:42.262929,100.37.115.102,/faq,GET,200,96
2025-06-13T11:12:15.857721,78.28.195.54,/admin,DELETE,302,162
2025-06-19T05:34:41.667426,8.116.157.51,/products,DELETE,200,247
2025-06-15T08:29:09.357594,150.150.218.67,/api/products,PUT,200,456
2025-06-13T13:18:53.944575,253.132.27.232,/api/order,POST,404,142
2025-06-04T21:06:51.322070,210.181.209.224,/checkout,DELETE,404,80
2025-06-11T05:36:12.637360,188.255.13.181,/faq,POST,200,10
2025-06-05T14:04:39.477589,180.144.6.91,/home,DELETE,200,306
2025-06-03T18:12:44.542090,176.212.66.248,/faq,PUT,500,205
2025-06-08T10:20:40.878936,64.43.107.60,/home,GET,403,331
2025-06-14T18:59:34.844232,51.8.11.206,/checkout,PUT,200,233
2025-06-11T00:50:26.697378,131.235.70.170,/checkout,GET,403,10
2025-06-16T23:38:50.777226,50.54.79.150,/home,PUT,404,133
2025-06-19T04:13:38.755784,249.35.156.11,/contact,POST,302,351
2025-06-10T14:52:57.099451,72.133.225.49,/faq,POST,200,259
2025-06-22T05:07:17.905167,118.127.213.115,/contact,GET,302,103
2025-06-08T06:46:40.906965,5.142.124.59,/api/order,POST,404,149
2025-06-09T12:03:21.043416,185.135.21.50,/login,GET,404,158
2025-06-08T21:03:50.230037,229.46.208.216,/contact,DELETE,200,209
2025-06-07T22:25:57.446933,62.62.212.168,/assets/logo.png,GET,200,32
2025-06-01T23:49:05.869820,41.133.10.214,/cart,PUT,200,171
2025-06-16T01:21:49.008710,250.187.166.2,/home,GET,200,206
2025-06-01T19:23:42.161414,173.151.61.73,/contact,POST,200,418
2025-06-22T18:27:31.113434,49.191.124.255,/api/products,POST,302,284
2025-06-16T09:02:07.432771,223.209.35.180,/checkout,PUT,302,117
2025-06-12T14:22:42.087550,7.206.227.203,/products,DELETE,500,132
2025-06-16T12:57:34.943833,179.144.74.50,/faq,POST,403,262
2025-06-05T13:29:21.757134,211.198.206.113,/assets/logo.png,PUT,200,389
2025-06-06T10:05:05.295091,148.2.231.51,/assets/logo.png,POST,200,121
2025-06-02T18:53:20.484234,214.246.99.29,/admin,GET,200,180
2025-06-17T08:59:26.871494,206.21.45.163,/admin,GET,200,11
2025-06-11T20:45:46.742033,236.122.197.91,/products,DELETE,200,361
2025-06-20T13:19:39.763162,143.0.153.239,/cart,PUT,200,282
2025-06-05T19:15:49.136304,254.59.93.192,/faq,PUT,302,270
2025-06-07T22:50:22.667740,46.32.131.200,/api/order,DELETE,500,210
2025-06-02T21:36:07.650780,116.232.242.168,/contact,POST,404,246
2025-06-10T16:58:56.812160,111.22.70.62,/home,PUT,200,260
2025-06-01T18:10:47.622421,53.90.250.0,/contact,PUT,200,220
2025-06-22T21:33:00.173817,205.189.143.214,/home,DELETE,500,381
2025-06-03T00:09:55.708351,44.155.205.34,/cart,DELETE,403,263
2025-06-12T10:18:52.538115,152.201.185.224,/login,GET,200,432
2025-06-21T21:09:11.066959,219.102.182.215,/cart,POST,200,97
2025-06-19T05:27:48.090046,31.244.208.88,/cart,GET,200,185
2025-06-21T13:40:46.559981,121.74.96.187,/api/order,GET,403,290
2025-06-01T11:17:47.796950,71.117.80.70,/admin,DELETE,500,244
2025-06-21T15:43:21.416299,205.40.159.209,/admin,GET,200,287
2025-06-04T12:11:31.221188,192.135.37.204,/home,DELETE,200,216
2025-06-18T22:37:26.859433,255.62.142.254,/api/products,PUT,404,482
2025-06-15T02:10:24.429678,235.2.237.61,/assets/logo.png,GET,200,100
2025-06-16T05:53:02.156189,91.135.51.209,/faq,POST,404,221
2025-06-16T13:11:46.453962,133.147.61.172,/checkout,POST,200,259
2025-06-12T00:01:56.108431,116.234.148.233,/assets/logo.png,POST,200,252
2025-06-16T00:33:08.499896,150.106.63.93,/products,POST,500,273
2025-06-18T20:43:10.521037,49.6.26.83,/products,GET,500,194
2025-06-05T15:28:02.645670,35.137.32.184,/assets/logo.png,POST,403,138
2025-06-21T02:34:51.841418,139.1.36.247,/assets/logo.png,GET,500,331
2025-06-13T13:25:31.563316,38.99.23.63,/contact,POST,403,214
2025-06-08T17:53:46.588432,149.71.163.108,/assets/logo.png,PUT,200,312
2025-06-18T21:37:37.398065,29.58.30.67,/login,DELETE,302,233
2025-06-06T17:01:43.352373,163.166.207.199,/faq,DELETE,403,255
2025-06-02T18:44:38.412508,0.173.124.133,/contact,DELETE,403,170
2025-06-19T01:15:18.520473,15.31.191.105,/faq,PUT,200,97
2025-06-04T08:31:46.528643,190.160.174.35,/contact,POST,200,222
2025-06-11T13:50:17.562381,152.161.97.210,/api/order,PUT,403,185
2025-06-03T02:03:07.529355,151.29.75.204,/faq,PUT,200,219
2025-06-06T00:06:07.109183,140.37.204.8,/admin,POST,404,195
2025-06-08T08:38:44.106114,144.154.141.200,/checkout,DELETE,200,268
2025-06-09T07:23:02.127120,249.74.120.3,/products,GET,200,199
2025-06-13T10:19:29.897222,6.127.225.174,/home,PUT,404,38
2025-06-04T15:00:52.958439,158.74.211.221,/api/products,PUT,200,331
2025-06-07T03:52:10.191973,227.150.213.136,/login,PUT,200,152
2025-06-17T11:18:24.263076,154.111.183.237,/home,DELETE,200,162
2025-06-17T05:15:05.811371,49.144.105.189,/assets/logo.png,POST,302,261
2025-06-01T22:08:13.319852,41.201.133.0,/faq,GET,302,347
2025-06-19T13:50:16.223052,33.199.129.144,/admin,PUT,500,77
2025-06-19T06:10:56.098646,243.215.45.139,/login,DELETE,200,30
2025-06-07T18:07:33.356861,179.115.189.145,/api/products,PUT,200,300
2025-06-07T04:48:39.004301,169.215.130.64,/home,POST,500,156
2025-06-15T22:59:36.142904,27.181.181.16,/home,PUT,200,166
2025-06-03T18:17:43.854912,161.250.43.165,/admin,GET,404,165
2025-06-04T19:05:07.619929,159.167.50.35,/api/products,PUT,403,286
2025-06-08T17:26:24.743136,46.229.183.161,/admin,POST,404,359
2025-06-19T20:29:43.506885,186.100.2.73,/api/products,PUT,302,269
2025-06-07T16:20:20.167962,143.139.24.227,/cart,POST,302,243
2025-06-05T12:03:10.073126,193.161.249.22,/api/products,DELETE,403,251
2025-06-06T06:01:12.748002,158.69.14.122,/products,PUT,403,251
2025-06-15T09:33:11.914146,206.247.159.157,/faq,POST,200,193
2025-06-21T08:25:41.372020,207.70.56.77,/assets/logo.png,PUT,200,254
2025-06-18T03:51:04.795294,210.46.30.3,/login,DELETE,200,176
2025-06-08T22:05:06.803538,200.70.151.204,/checkout,PUT,404,308
2025-06-15T08:02:04.215879,60.220.90.15,/contact,POST,200,76
2025-06-01T09:04:17.314660,186.253.181.160,/admin,POST,403,10
2025-06-19T02:00:53.093066,217.129.24.216,/contact,DELETE,200,436
2025-06-14T18:52:11.819421,92.229.51.20,/cart,PUT,500,259
2025-06-02T11:02:16.911566,159.75.88.238,/checkout,DELETE,200,82
2025-06-09T06:15:21.779437,211.89.171.182,/api/order,PUT,403,104
2025-06-02T23:35:20.532349,63.114.113.92,/login,DELETE,200,311
2025-06-20T14:41:14.151715,151.120.238.84,/api/order,POST,200,250
2025-06-16T05:21:50.017208,33.65.184.131,/admin,POST,302,105
2025-06-03T05:20:24.669968,229.68.128.212,/assets/logo.png,DELETE,403,107
2025-06-02T08:50:47.979412,115.85.104.40,/api/order,DELETE,200,149
2025-06-20T06:38:54.001811,154.105.93.219,/cart,GET,302,226
2025-06-04T23:46:20.278354,80.247.103.170,/api/order,POST,200,95
2025-06-05T19:57:35.846941,4.26.110.174,/cart,POST,200,202
2025-06-01T16:49:34.902372,178.5.192.139,/home,DELETE,404,127
2025-06-14T13:33:21.984103,198.145.61.236,/assets/logo.png,DELETE,404,142
2025-06-21T21:30:43.780575,240.116.172.186,/faq,GET,404,62
2025-06-20T05:55:12.935674,88.65.236.248,/api/order,POST,404,104
2025-06-17T15:07:53.246617,206.192.179.39,/products,GET,403,108
2025-06-02T00:48:41.004600,244.117.147.156,/contact,POST,404,144
2025-06-04T11:16:35.342340,12.10.15.159,/admin,POST,403,113
2025-06-05T23:16:08.217079,202.58.171.9,/products,GET,403,114
2025-06-20T23:58:22.136596,216.68.95.179,/products,GET,200,84
2025-06-12T16:42:59.768474,109.101.116.75,/api/products,GET,200,345
2025-06-18T09:20:38.726836,116.48.37.131,/faq,GET,302,10
2025-06-04T11:39:03.004221,196.10.218.93,/checkout,PUT,403,296
2025-06-04T08:17:47.791080,16.192.73.209,/login,POST,500,157
2025-06-12T04:04:57.009595,96.112.173.239,/faq,POST,404,178
2025-06-03T02:23:56.758119,192.237.25.203,/api/products,DELETE,200,191
2025-06-03T13:06:12.802231,249.33.254.210,/home,PUT,200,313
2025-06-15T09:48:44.813468,108.189.147.24,/home,POST,500,312
2025-06-13T05:12:14.082990,158.150.23.87,/cart,POST,200,363
2025-06-10T13:04:03.913092,36.153.155.10,/cart,PUT,200,294
2025-06-20T06:38:14.699734,10.160.214.167,/api/products,PUT,200,266
2025-06-11T18:32:27.498762,19.131.71.66,/home,PUT,500,256
2025-06-01T22:25:13.354546,125.151.72.179,/admin,GET,200,261
2025-06-15T20:54:54.802252,38.73.26.10,/checkout,DELETE,200,10
2025-06-13T19:02:44.979122,51.239.170.60,/api/products,GET,302,83
2025-06-08T07:11:04.384770,191.177.107.143,/assets/logo.png,POST,404,104
2025-06-13T14:18:59.980116,185.244.230.241,/assets/logo.png,POST,200,161
2025-06-12T09:09:36.495000,67.197.53.233,/faq,POST,500,262
2025-06-13T18:47:09.838602,10.43.50.43,/assets/logo.png,DELETE,200,245
2025-06-05T21:38:42.455740,211.250.127.174,/home,GET,200,143
2025-06-17T15:56:07.586924,96.45.83.185,/api/order,POST,200,337
2025-06-17T07:45:43.870860,59.172.166.186,/contact,PUT,500,172
2025-06-06T04:09:05.846049,27.5.231.26,/cart,GET,200,262
2025-06-11T09:18:03.042953,128.176.200.182,/api/products,POST,403,314
2025-06-17T03:29:01.446643,142.31.14.88,/admin,POST,200,190
2025-06-07T07:26:19.945650,120.94.7.191,/contact,DELETE,200,218
2025-06-17T05:44:28.436458,144.136.109.157,/contact,GET,500,114
2025-06-19T13:29:28.972386,86.101.55.233,/api/order,DELETE,200,56
2025-06-20T22:22:45.663160,13.122.103.91,/checkout,PUT,403,385
2025-06-18T13:19:00.897786,76.170.209.60,/contact,PUT,200,37
2025-06-15T00:00:06.844457,235.84.68.216,/admin,PUT,200,326
2025-06-11T22:11:59.837331,125.6.156.152,/home,GET,403,10
2025-06-13T09:15:43.528091,252.197.190.53,/home,PUT,500,243
2025-06-08T07:33:24.579904,50.209.102.92,/checkout,PUT,500,194
2025-06-10T21:14:34.738220,17.207.19.76,/api/products,DELETE,200,102
2025-06-18T16:47:14.273942,123.80.228.210,/api/products,GET,200,53
2025-06-15T10:49:26.120858,72.240.56.208,/assets/logo.png,DELETE,200,92
2025-06-22T07:36:57.645122,100.110.141.244,/cart,DELETE,403,188
2025-06-01T07:41:08.115189,228.14.168.81,/cart,POST,200,186
2025-06-20T12:20:53.330088,170.25.234.71,/admin,GET,200,89
2025-06-06T04:45:28.368156,17.225.38.22,/checkout,GET,200,137
2025-06-14T21:57:28.984635,233.32.194.15,/products,PUT,200,259
2025-06-18T10:05:26.734327,76.207.79.160,/api/products,POST,302,79
2025-06-03T17:58:48.329034,17.236.115.117,/api/products,POST,500,123
2025-06-22T20:07:00.426847,81.91.170.178,/home,GET,302,109
2025-06-10T01:01:47.299824,182.47.75.46,/contact,POST,200,324
2025-06-14T02:04:34.099819,39.225.31.246,/admin,GET,403,164
2025-06-17T04:16:49.529574,232.205.163.0,/login,GET,500,223
2025-06-10T21:29:42.113350,85.66.238.241,/cart,GET,500,94
2025-06-12T13:03:06.066785,148.239.224.23,/login,GET,500,267
2025-06-09T00:16:16.421547,29.20.71.87,/checkout,POST,200,262
2025-06-14T16:31:50.752557,252.218.174.117,/admin,DELETE,404,78
2025-06-19T14:45:36.671187,50.92.116.191,/cart,PUT,200,182
2025-06-22T21:19:09.787080,143.242.203.153,/home,GET,500,243
2025-06-05T17:27:09.904888,84.176.121.97,/api/products,DELETE,403,202
2025-06-21T01:48:12.424979,54.165.94.66,/faq,PUT,302,16
2025-06-16T04:45:13.207617,46.75.156.174,/api/order,DELETE,302,149
2025-06-22T05:19:26.714943,40.141.45.122,/assets/logo.png,DELETE,403,164
2025-06-06T08:04:20.141058,247.42.39.152,/products,PUT,200,324
2025-06-22T04:12:46.531014,218.163.60.174,/cart,GET,500,185
2025-06-04T06:58:44.229799,93.138.160.113,/faq,DELETE,200,130
2025-06-22T13:21:47.437235,6.199.168.107,/checkout,PUT,200,71
2025-06-01T13:32:09.145938,68.14.56.119,/checkout,DELETE,302,164
2025-06-20T02:37:35.079078,9.166.50.199,/api/order,POST,404,112
2025-06-14T21:07:13.548130,49.132.82.33,/api/products,GET,200,93
2025-06-04T03:11:07.043089,115.100.213.28,/cart,GET,403,225
2025-06-20T15:12:34.759216,38.93.80.188,/products,PUT,500,58
2025-06-06T00:40:28.652485,4.76.0.253,/assets/logo.png,GET,200,148
2025-06-10T08:13:34.772554,188.40.29.130,/products,GET,200,222
2025-06-22T20:15:12.385263,77.46.42.239,/api/products,PUT,500,238
2025-06-10T13:45:08.925505,31.134.125.122,/admin,GET,200,215
2025-06-16T07:19:24.412912,121.59.90.6,/checkout,GET,403,50
2025-06-05T03:29:02.713139,226.67.25.70,/faq,POST,200,139
2025-06-08T09:03:30.107916,125.23.163.208,/api/products,DELETE,404,124
2025-06-08T00:57:27.328382,80.182.250.12,/products,GET,500,285
2025-06-06T01:14:05.941648,0.76.181.147,/checkout,PUT,200,191
2025-06-08T12:54:31.412338,3.147.60.82,/contact,PUT,404,182
2025-06-13T09:05:33.589658,13.144.201.73,/checkout,POST,302,219
2025-06-19T14:53:25.493849,59.231.149.23,/api/products,POST,200,337
2025-06-21T08:13:48.406134,174.223.103.160,/home,GET,404,10
2025-06-10T09:26:25.201812,107.197.67.49,/contact,PUT,302,309
2025-06-20T07:33:01.481038,251.119.21.120,/products,POST,403,178
2025-06-06T12:41:11.230628,27.136.174.223,/checkout,POST,200,185
2025-06-21T07:57:24.191384,170.97.42.127,/home,DELETE,200,55
2025-06-20T13:04:50.702590,78.17.59.158,/faq,GET,200,256
2025-06-18T07:07:19.928913,70.163.54.3,/assets/logo.png,PUT,500,225
2025-06-13T04:55:15.952357,155.136.192.220,/home,GET,403,209
2025-06-14T20:05:43.898946,71.40.205.66,/api/order,GET,200,10
2025-06-19T14:40:12.239388,180.134.241.42,/faq,GET,200,128
2025-06-11T14:41:20.087112,241.209.184.113,/api/products,PUT,404,129
2025-06-09T02:39:56.479468,63.210.192.216,/api/products,POST,404,34
2025-06-10T21:02:03.007503,199.27.247.180,/login,DELETE,200,336
2025-06-13T20:26:01.639722,199.232.226.148,/api/order,DELETE,200,115
2025-06-13T14:29:51.550487,32.149.245.11,/checkout,PUT,302,259
2025-06-04T15:20:40.111449,238.43.60.204,/home,POST,200,316
2025-06-02T05:50:04.656352,221.241.172.251,/home,PUT,302,184
2025-06-11T15:31:49.274762,21.153.180.181,/home,PUT,403,71
2025-06-17T13:04:55.895878,200.145.111.169,/admin,POST,200,151
2025-06-04T18:09:29.151561,90.17.173.92,/api/products,DELETE,302,151
2025-06-04T13:47:40.325271,242.200.246.46,/checkout,POST,200,197
2025-06-09T09:57:12.322051,129.60.62.49,/assets/logo.png,PUT,500,242
2025-06-03T18:15:25.143056,167.204.221.232,/products,GET,500,384
2025-06-16T06:06:56.392549,102.43.208.68,/checkout,GET,200,166
2025-06-22T13:12:28.218632,82.99.235.181,/login,GET,403,98
2025-06-10T09:44:02.055828,50.176.57.209,/admin,POST,302,258
2025-06-04T20:46:46.753606,88.82.26.42,/checkout,POST,302,170
2025-06-22T20:13:17.381338,78.53.245.217,/api/order,PUT,200,271
2025-06-03T20:06:32.229021,191.235.6.16,/api/products,PUT,404,327
2025-06-09T08:28:06.222901,118.0.146.227,/login,DELETE,302,181
2025-06-10T18:33:15.498648,97.111.19.111,/assets/logo.png,PUT,302,89
2025-06-14T08:56:01.319509,42.135.170.220,/assets/logo.png,DELETE,200,250
2025-06-05T10:54:16.203642,204.65.177.35,/login,DELETE,500,273
2025-06-08T12:21:03.567693,238.240.143.46,/login,PUT,200,333
2025-06-11T05:35:37.156412,104.191.83.234,/login,PUT,302,235
2025-06-11T13:25:09.021704,248.235.153.247,/faq,DELETE,200,275
2025-06-09T17:14:08.888693,75.158.166.25,/products,POST,200,184
2025-06-09T18:31:30.932364,182.111.66.10,/admin,GET,200,338
2025-06-05T09:55:30.204135,79.72.27.71,/api/order,POST,200,199
2025-06-18T11:18:05.726827,155.244.137.146,/admin,POST,404,180
2025-06-19T09:18:43.414042,78.36.72.207,/contact,POST,302,41
2025-06-06T17:02:17.686981,66.244.237.132,/api/products,POST,200,113
2025-06-02T07:05:04.005411,106.253.110.19,/faq,DELETE,404,222
2025-06-04T06:39:35.858749,102.59.37.155,/home,GET,403,142
2025-06-09T16:32:21.160290,126.9.95.132,/faq,POST,200,255
2025-06-05T11:43:22.151707,49.57.228.83,/contact,POST,500,347
2025-06-14T15:38:52.557798,249.218.185.194,/home,PUT,403,172
2025-06-06T12:25:31.595243,142.1.77.194,/checkout,PUT,500,247
2025-06-01T02:41:57.942371,243.45.247.108,/login,GET,500,143
2025-06-20T02:19:36.829983,216.48.48.158,/contact,DELETE,403,229
2025-06-14T00:39:38.671219,199.16.212.48,/cart,POST,403,241
2025-06-19T18:30:01.364451,115.249.124.55,/products,GET,200,298
2025-06-10T02:57:57.776710,54.81.110.132,/assets/logo.png,DELETE,200,10
2025-06-03T20:46:27.741103,52.85.85.177,/admin,GET,404,180
2025-06-10T17:08:24.747803,119.8.185.61,/api/products,DELETE,404,341
2025-06-10T11:11:00.753592,189.157.228.173,/products,DELETE,200,54
2025-06-06T23:36:51.554864,6.154.203.123,/login,DELETE,200,254
2025-06-06T00:40:36.959731,214.64.60.122,/login,DELETE,200,162
2025-06-18T19:45:38.167350,104.190.244.40,/admin,POST,403,138
2025-06-19T21:54:35.677567,71.253.12.98,/admin,PUT,200,210
2025-06-22T11:40:24.719313,124.96.247.45,/home,POST,500,201
2025-06-08T19:56:42.054515,42.209.153.178,/checkout,PUT,302,136
2025-06-20T11:41:49.896658,161.60.104.245,/home,POST,200,256
2025-06-20T07:57:47.249480,98.231.90.69,/login,PUT,403,322
2025-06-22T06:04:43.274843,97.57.203.212,/faq,PUT,404,123
2025-06-10T14:13:49.134112,59.43.55.186,/home,DELETE,500,247
2025-06-10T22:52:29.878635,17.101.161.6,/assets/logo.png,PUT,200,194
2025-06-22T20:25:20.089006,159.141.102.187,/home,DELETE,404,194
2025-06-21T18:07:45.122954,138.243.34.215,/api/products,PUT,200,70
2025-06-17T10:11:18.752982,239.55.27.14,/products,GET,403,186
2025-06-14T21:35:25.288742,5.6.171.220,/assets/logo.png,GET,404,126
2025-06-22T14:06:20.245730,182.144.249.22,/cart,PUT,302,113
2025-06-07T23:17:51.220826,44.57.234.30,/products,GET,200,170
2025-06-20T20:12:09.834929,213.49.28.211,/cart,DELETE,302,360
2025-06-09T12:27:52.772926,35.89.215.246,/api/order,GET,302,121
2025-06-07T14:49:30.417835,202.146.200.239,/admin,PUT,200,113
2025-06-08T12:33:47.478253,203.19.16.28,/home,POST,500,260
2025-06-04T12:59:05.041844,52.96.202.124,/api/products,GET,404,312
2025-06-11T14:33:57.874429,151.36.151.147,/api/order,PUT,500,119
2025-06-18T18:16:03.696218,25.176.215.132,/cart,GET,500,274
2025-06-04T02:14:29.860925,50.1.183.104,/login,PUT,302,231
2025-06-22T14:02:54.703537,58.131.139.254,/assets/logo.png,DELETE,302,296
2025-06-01T10:39:25.730947,251.7.135.248,/checkout,POST,404,248
2025-06-01T16:29:52.851564,178.105.241.225,/assets/logo.png,DELETE,404,338
2025-06-21T14:36:20.161238,104.251.128.71,/api/products,POST,302,160
2025-06-20T10:59:10.285179,222.40.35.36,/api/products,POST,302,86
2025-06-09T11:53:50.080895,181.49.243.108,/api/products,POST,200,67
2025-06-04T21:55:59.675399,20.121.118.87,/contact,POST,200,180
2025-06-19T03:33:58.670728,90.239.129.63,/assets/logo.png,DELETE,500,135
2025-06-22T20:45:18.782085,236.130.82.42,/home,GET,404,210
2025-06-19T04:39:07.731002,65.42.170.91,/api/order,GET,403,240
2025-06-02T00:44:21.598144,105.7.145.138,/login,DELETE,200,248
2025-06-13T12:13:39.152231,248.247.199.200,/checkout,GET,302,158
2025-06-16T13:55:00.368898,185.19.70.175,/api/products,POST,302,151
2025-06-08T15:13:52.011565,69.125.220.239,/admin,GET,404,239
2025-06-18T13:39:20.468853,173.159.132.136,/faq,DELETE,302,10
2025-06-06T15:40:07.244679,79.80.121.241,/api/products,POST,200,165
2025-06-13T13:32:23.994324,15.222.8.254,/home,POST,200,167
2025-06-22T08:37:30.688992,186.166.15.149,/checkout,DELETE,403,363
2025-06-20T16:01:26.067654,133.121.135.17,/home,PUT,404,103
2025-06-17T12:28:50.634097,144.55.93.117,/assets/logo.png,GET,200,126
2025-06-16T09:16:25.476234,224.108.72.190,/faq,GET,403,462
2025-06-01T22:08:42.441740,220.166.247.220,/cart,DELETE,200,255
2025-06-12T04:51:48.356824,172.202.105.153,/api/order,POST,200,67
2025-06-20T01:27:04.736698,105.212.165.116,/api/order,POST,200,42
2025-06-10T03:18:49.305357,97.33.19.13,/home,GET,200,204
2025-06-13T08:36:48.801148,110.71.49.247,/home,PUT,500,250
2025-06-07T13:04:49.805607,43.51.179.87,/api/order,POST,302,174
2025-06-13T05:05:03.981095,29.91.250.34,/faq,DELETE,404,209
2025-06-13T10:14:24.181646,171.126.230.153,/api/products,POST,200,191
2025-06-03T00:11:05.705770,101.105.163.235,/assets/logo.png,DELETE,200,221
2025-06-18T20:46:54.984800,154.121.107.213,/checkout,DELETE,200,110
2025-06-14T18:17:08.992470,235.147.44.191,/assets/logo.png,DELETE,200,22
2025-06-15T23:41:07.219764,46.149.108.166,/assets/logo.png,POST,404,148
2025-06-18T00:51:20.215551,90.105.39.239,/api/products,GET,302,247
2025-06-18T23:47:42.880845,238.37.245.81,/contact,GET,200,226
2025-06-19T08:34:48.250762,116.190.236.74,/api/order,POST,404,327
2025-06-13T05:36:39.906213,162.202.67.9,/faq,PUT,404,247
2025-06-06T17:30:18.680095,141.54.94.82,/login,GET,200,293
2025-06-06T02:59:24.088349,32.250.214.128,/admin,PUT,500,139
2025-06-10T17:40:55.155239,37.140.21.15,/cart,DELETE,404,376
2025-06-04T17:31:18.031359,58.42.122.8,/api/products,DELETE,302,260
2025-06-16T21:34:12.797976,47.154.206.89,/login,DELETE,403,177
2025-06-03T03:34:17.329077,220.136.128.108,/home,DELETE,404,58
2025-06-18T03:38:31.189699,207.194.200.149,/products,PUT,200,279
2025-06-22T11:53:21.458093,23.162.35.205,/login,PUT,302,112
2025-06-18T10:59:26.669798,63.29.240.141,/login,PUT,404,194
2025-06-05T11:08:53.573087,130.104.30.180,/contact,PUT,500,189
2025-06-08T06:48:39.988967,136.221.69.36,/login,PUT,404,329
2025-06-03T17:08:23.811236,12.84.233.207,/admin,PUT,500,144
2025-06-15T15:44:36.658167,160.248.46.148,/api/order,POST,200,126
2025-06-07T09:51:54.091903,116.150.32.171,/checkout,GET,200,206
2025-06-07T04:15:34.912957,55.150.10.203,/faq,GET,403,248
2025-06-05T12:13:09.667246,47.37.93.163,/cart,DELETE,200,143
2025-06-19T11:06:47.314272,35.98.162.134,/api/order,DELETE,403,452
2025-06-06T10:43:10.347195,180.108.188.136,/assets/logo.png,POST,500,137
2025-06-07T21:35:23.620703,191.201.135.134,/products,DELETE,404,110
2025-06-07T22:15:17.160348,135.105.190.226,/contact,GET,500,105
2025-06-06T00:28:15.291421,142.188.82.240,/products,PUT,500,236
2025-06-09T23:19:28.991363,130.120.96.11,/api/products,GET,500,75
2025-06-21T11:07:45.357489,125.44.136.210,/assets/logo.png,GET,200,260
2025-06-10T06:54:30.992137,50.255.196.248,/home,GET,404,10
2025-06-22T01:59:53.681612,138.106.220.184,/faq,GET,403,267
2025-06-11T21:32:02.089187,218.102.197.138,/assets/logo.png,POST,200,249
2025-06-13T02:23:54.617730,33.60.137.140,/cart,DELETE,404,194
2025-06-06T04:53:59.622437,102.169.50.73,/contact,GET,200,291
2025-06-11T06:24:37.185589,70.156.45.244,/login,DELETE,200,257
2025-06-08T05:47:04.749635,169.74.110.177,/assets/logo.png,GET,200,157
2025-06-08T02:07:38.722221,181.191.13.96,/checkout,PUT,200,81
2025-06-11T12:27:43.548509,23.161.118.145,/home,GET,200,134
2025-06-19T08:51:46.573785,0.51.40.134,/login,GET,200,195
2025-06-03T00:49:44.778482,244.2.105.245,/products,GET,200,242
2025-06-14T22:52:31.853322,197.248.60.104,/api/order,DELETE,200,220
2025-06-01T06:44:29.673094,73.64.116.244,/home,GET,302,298
2025-06-14T15:46:10.643643,199.95.208.35,/products,PUT,500,432
2025-06-13T07:42:01.284839,222.116.218.186,/admin,POST,500,52
2025-06-13T22:31:23.305960,179.111.36.233,/faq,DELETE,302,302
2025-06-14T14:44:45.215735,40.74.37.16,/contact,GET,200,254
2025-06-03T01:12:23.263321,218.220.51.193,/contact,POST,200,263
2025-06-04T04:28:06.724292,224.116.78.148,/contact,POST,302,190
2025-06-16T01:04:20.850896,184.191.95.17,/login,PUT,404,298
2025-06-21T23:45:14.999893,76.183.54.177,/api/products,PUT,302,325
2025-06-09T19:32:57.214001,190.226.44.60,/cart,DELETE,500,81
2025-06-21T07:12:17.476070,114.65.74.70,/assets/logo.png,PUT,302,251
2025-06-02T13:16:02.219693,10.171.66.170,/checkout,PUT,200,226
2025-06-06T03:11:15.208922,216.58.22.154,/assets/logo.png,POST,500,301
2025-06-21T18:17:18.153860,74.206.242.220,/checkout,DELETE,404,157
2025-06-20T21:45:08.985720,177.246.175.136,/faq,POST,500,303
2025-06-08T12:27:41.932296,157.102.17.185,/admin,POST,403,153
2025-06-13T20:40:04.155648,26.133.112.35,/assets/logo.png,POST,200,180
2025-06-15T19:15:15.345309,246.92.196.157,/admin,DELETE,200,200
2025-06-18T04:09:03.326018,170.191.90.118,/api/products,GET,200,327
2025-06-09T01:45:49.452041,69.64.88.186,/api/products,DELETE,200,333
2025-06-09T03:56:32.149788,196.254.139.194,/products,DELETE,302,135
2025-06-22T09:59:08.161643,55.242.51.11,/checkout,DELETE,403,159
2025-06-11T10:43:09.455055,93.129.216.217,/home,POST,403,280
2025-06-07T13:42:36.086384,105.241.210.240,/products,PUT,200,181
2025-06-16T11:06:21.770742,250.251.239.98,/admin,POST,200,203
2025-06-06T06:37:43.232667,214.67.204.100,/cart,POST,500,312
2025-06-09T22:41:58.445115,118.201.147.55,/faq,PUT,200,215
2025-06-14T03:51:26.325248,242.185.103.50,/checkout,DELETE,404,119
2025-06-14T17:25:39.727672,50.42.229.144,/cart,DELETE,404,245
2025-06-01T19:46:31.354559,40.231.72.128,/api/order,DELETE,200,39
2025-06-04T23:10:05.612851,241.53.233.4,/contact,POST,200,281
2025-06-19T04:09:50.668295,99.17.49.162,/login,DELETE,302,196
2025-06-13T17:06:52.813311,71.118.144.121,/cart,PUT,200,223
2025-06-20T02:26:11.266590,96.88.114.167,/api/order,DELETE,403,208
2025-06-08T15:48:01.225939,156.52.126.137,/api/order,POST,200,234
2025-06-08T23:12:00.476637,114.156.145.105,/home,GET,200,175
2025-06-05T21:01:01.932601,221.9.153.204,/home,POST,200,45
2025-06-07T14:25:26.385551,177.38.167.214,/faq,PUT,403,187
2025-06-13T05:29:36.798075,43.48.40.99,/api/order,DELETE,200,166
2025-06-05T17:01:20.980738,60.225.214.108,/admin,DELETE,302,199
2025-06-08T22:52:54.334082,192.74.127.49,/home,DELETE,200,250
2025-06-17T06:14:53.429895,247.156.17.164,/products,GET,200,89
2025-06-14T17:45:07.910914,0.144.166.202,/api/order,GET,200,280
2025-06-11T00:21:37.522049,75.19.5.148,/products,GET,403,116
2025-06-21T07:16:18.634793,32.208.20.12,/login,DELETE,404,169
2025-06-01T02:07:40.532924,209.63.151.117,/products,DELETE,200,168
2025-06-10T10:41:28.716913,82.243.250.116,/home,PUT,302,349
2025-06-16T22:53:50.738819,103.11.202.58,/products,DELETE,500,283
2025-06-06T20:32:57.504808,188.106.246.58,/contact,POST,200,241
2025-06-11T00:02:09.392842,184.172.117.151,/products,POST,200,398
2025-06-06T04:56:50.428148,99.213.188.8,/assets/logo.png,PUT,200,173
2025-06-11T15:11:03.837564,60.133.120.223,/admin,PUT,200,139
2025-06-06T09:38:32.957738,111.191.238.210,/products,GET,200,123
2025-06-10T21:52:48.593882,35.117.30.22,/products,POST,403,142
2025-06-01T12:48:20.699968,117.139.178.144,/admin,GET,500,74
2025-06-14T16:39:58.044806,135.172.178.108,/api/products,POST,500,302
2025-06-03T04:34:09.011887,75.156.229.148,/api/order,PUT,404,185
2025-06-02T23:02:54.969491,53.154.204.172,/login,PUT,500,378
2025-06-05T05:10:44.685242,34.2.80.160,/home,POST,200,10
2025-06-20T12:32:41.862582,193.228.15.98,/home,PUT,404,64
2025-06-18T03:38:29.996307,137.196.229.75,/checkout,POST,200,271
2025-06-19T15:12:35.047528,166.83.44.40,/login,DELETE,200,54
2025-06-18T21:08:06.446193,163.248.70.186,/home,DELETE,200,290
2025-06-06T03:39:05.396632,23.175.37.143,/home,PUT,403,318
2025-06-05T18:35:34.044215,19.11.16.33,/api/order,DELETE,200,276
2025-06-06T06:06:37.853700,223.112.219.34,/products,POST,200,230
2025-06-16T09:05:14.080310,34.45.77.60,/assets/logo.png,DELETE,404,108
2025-06-03T20:14:07.297304,61.126.207.14,/assets/logo.png,DELETE,200,150
2025-06-01T07:45:59.625548,11.155.70.231,/cart,POST,200,105
2025-06-19T15:15:25.175157,214.94.229.163,/home,GET,200,227
2025-06-16T08:25:53.339065,205.31.254.164,/faq,POST,200,145
2025-06-13T10:25:08.005413,179.118.75.251,/home,DELETE,500,95
2025-06-19T08:47:52.218316,163.231.211.101,/contact,GET,403,324
2025-06-01T08:06:09.100731,55.154.38.89,/checkout,PUT,200,111
2025-06-19T22:50:30.435282,230.37.4.217,/admin,DELETE,200,223
2025-06-13T21:14:24.158390,161.220.252.178,/cart,GET,200,155
2025-06-15T07:15:45.277750,237.206.85.114,/home,DELETE,200,96
2025-06-17T19:47:14.858852,163.27.46.25,/cart,GET,200,75
2025-06-10T17:08:07.443571,179.116.205.235,/api/products,PUT,200,137
2025-06-12T09:42:43.773084,14.100.204.226,/admin,POST,200,133
2025-06-04T23:09:05.085562,198.173.99.93,/api/products,POST,200,219
2025-06-08T12:48:08.973026,253.104.102.22,/admin,PUT,200,267
2025-06-08T15:27:14.121261,77.230.59.17,/admin,DELETE,500,269
2025-06-22T08:54:16.547975,178.145.27.96,/faq,GET,404,10
2025-06-04T02:12:58.921571,136.152.109.167,/api/products,DELETE,404,151
2025-06-04T09:21:19.094391,101.153.203.248,/home,PUT,500,126
2025-06-01T01:13:56.121329,175.50.45.249,/api/order,DELETE,404,10
2025-06-07T17:18:35.032360,52.89.118.143,/contact,PUT,200,182
2025-06-03T01:11:04.917173,235.154.158.10,/faq,PUT,302,67
2025-06-13T17:18:10.004635,218.227.199.24,/cart,GET,200,227
2025-06-07T06:55:06.832188,147.85.188.147,/products,POST,200,80
2025-06-09T21:41:58.340386,35.178.141.76,/checkout,GET,500,235
2025-06-18T07:48:08.463298,181.222.59.190,/products,POST,403,191
2025-06-22T10:09:39.098471,192.204.221.172,/home,POST,302,288
2025-06-15T05:14:08.513982,109.224.205.67,/admin,POST,200,116
2025-06-02T03:45:05.712316,73.180.119.116,/checkout,PUT,200,437
2025-06-15T02:08:56.456575,22.44.205.132,/home,DELETE,404,135
2025-06-20T18:30:55.409575,107.78.124.59,/login,PUT,404,99
2025-06-12T11:34:42.611599,181.255.167.21,/home,POST,403,157
2025-06-17T13:36:52.392077,126.72.70.95,/assets/logo.png,GET,302,284
2025-06-19T10:16:58.366594,210.26.176.126,/api/products,POST,404,373
2025-06-01T16:29:00.341428,17.36.194.20,/login,POST,302,193
2025-06-14T10:11:44.949601,4.69.46.20,/products,POST,500,286
2025-06-18T00:48:17.702282,225.118.95.146,/faq,PUT,302,358
2025-06-05T21:15:48.222650,17.58.14.132,/api/products,POST,200,161
2025-06-16T10:20:00.500817,121.161.124.195,/cart,GET,200,111
2025-06-11T16:18:26.921833,60.190.201.213,/faq,POST,404,204
2025-06-08T16:10:06.057403,208.162.152.109,/home,DELETE,302,254
2025-06-02T13:03:54.699605,238.116.54.105,/checkout,GET,500,260
2025-06-02T15:01:44.625166,133.158.103.27,/faq,DELETE,404,177
2025-06-16T21:55:06.746604,72.167.155.158,/login,GET,200,232
2025-06-09T00:39:59.246549,23.93.18.200,/products,DELETE,404,298
2025-06-11T19:31:22.533904,206.132.67.192,/checkout,DELETE,200,139
